id,ordered_at,meal_period
1,2026-03-06 11:08:19,午餐
2,2026-03-03 12:13:05,午餐
3,2026-03-24 13:22:30,午餐
4,2026-03-30 11:25:09,午餐
5,2026-03-21 13:06:11,午餐
6,2026-03-16 17:43:33,晚餐
7,2026-03-11 12:36:44,午餐
8,2026-03-24 11:31:22,午餐
9,2026-03-12 18:00:16,晚餐
10,2026-03-20 13:24:52,午餐
11,2026-03-25 13:20:33,午餐
12,2026-03-03 18:45:44,晚餐
13,2026-03-27 13:56:54,午餐
14,2026-03-10 11:37:48,午餐
15,2026-03-18 18:05:54,晚餐
16,2026-03-14 17:07:31,晚餐
17,2026-03-25 13:29:12,午餐
18,2026-03-30 11:15:52,午餐
19,2026-03-06 11:01:30,午餐
20,2026-03-24 13:08:46,午餐
21,2026-03-16 18:37:25,晚餐
22,2026-03-04 13:25:45,午餐
23,2026-03-09 13:39:32,午餐
24,2026-03-15 19:13:50,晚餐
25,2026-03-23 12:03:51,午餐
26,2026-03-30 18:35:21,晚餐
27,2026-03-30 17:51:32,晚餐
28,2026-03-27 12:40:42,午餐
29,2026-03-13 13:37:36,午餐
30,2026-03-24 19:55:24,晚餐
31,2026-03-14 12:44:45,午餐
32,2026-03-26 12:28:05,午餐
33,2026-03-11 12:37:38,午餐
34,2026-03-26 07:26:22,早餐
35,2026-03-29 19:45:34,晚餐
36,2026-03-06 17:07:17,晚餐
37,2026-03-18 11:37:02,午餐
38,2026-03-06 12:46:37,午餐
39,2026-03-09 17:02:16,晚餐
40,2026-03-02 12:12:39,午餐
41,2026-03-07 11:28:12,午餐
42,2026-03-05 13:56:35,午餐
43,2026-03-18 11:10:07,午餐
44,2026-03-27 17:43:50,晚餐
45,2026-03-25 12:22:06,午餐
46,2026-03-18 11:34:39,午餐
47,2026-03-10 18:57:32,晚餐
48,2026-03-25 19:26:38,晚餐
49,2026-03-12 11:45:42,午餐
50,2026-03-25 11:51:10,午餐
51,2026-03-04 11:36:27,午餐
52,2026-03-24 09:55:41,早餐
53,2026-03-09 11:55:47,午餐
54,2026-03-05 11:53:28,午餐
55,2026-03-29 13:04:08,午餐
56,2026-03-26 12:52:03,午餐
57,2026-03-05 12:25:51,午餐
58,2026-03-05 12:36:07,午餐
59,2026-03-24 11:31:43,午餐
60,2026-03-05 11:53:09,午餐
61,2026-03-10 08:16:05,早餐
62,2026-03-02 19:57:28,晚餐
63,2026-03-21 17:17:04,晚餐
64,2026-03-01 13:36:16,午餐
65,2026-03-24 19:36:14,晚餐
66,2026-03-23 19:50:58,晚餐
67,2026-03-16 08:07:51,早餐
68,2026-03-05 12:38:17,午餐
69,2026-03-26 11:33:45,午餐
70,2026-03-02 18:19:27,晚餐
71,2026-03-20 07:40:10,早餐
72,2026-03-23 19:27:12,晚餐
73,2026-03-20 11:33:50,午餐
74,2026-03-14 12:46:37,午餐
75,2026-03-14 11:52:14,午餐
76,2026-03-11 19:58:18,晚餐
77,2026-03-13 18:43:34,晚餐
78,2026-03-31 09:12:42,早餐
79,2026-03-08 11:25:04,午餐
80,2026-03-26 11:30:02,午餐
81,2026-03-02 11:33:37,午餐
82,2026-03-19 13:14:20,午餐
83,2026-03-05 13:42:43,午餐
84,2026-03-30 11:28:01,午餐
85,2026-03-09 13:06:50,午餐
86,2026-03-20 17:32:01,晚餐
87,2026-03-26 12:03:31,午餐
88,2026-03-20 12:26:02,午餐
89,2026-03-23 11:29:17,午餐
90,2026-03-03 12:54:40,午餐
91,2026-03-06 13:30:32,午餐
92,2026-03-31 17:39:13,晚餐
93,2026-03-15 19:28:35,晚餐
94,2026-03-17 17:22:48,晚餐
95,2026-03-12 11:54:44,午餐
96,2026-03-25 12:16:31,午餐
97,2026-03-17 11:22:31,午餐
98,2026-03-04 11:01:42,午餐
99,2026-03-26 11:59:53,午餐
100,2026-03-24 18:18:17,晚餐
101,2026-03-20 13:42:51,午餐
102,2026-03-20 11:43:45,午餐
103,2026-03-20 13:27:44,午餐
104,2026-03-19 12:07:11,午餐
105,2026-03-03 17:11:16,晚餐
106,2026-03-03 13:01:16,午餐
107,2026-03-18 07:21:24,早餐
108,2026-03-18 11:22:02,午餐
109,2026-03-26 17:07:50,晚餐
110,2026-03-31 13:27:32,午餐
111,2026-03-02 17:54:30,晚餐
112,2026-03-13 12:48:18,午餐
113,2026-03-08 19:54:42,晚餐
114,2026-03-12 07:18:00,早餐
115,2026-03-23 13:43:47,午餐
116,2026-03-09 13:57:18,午餐
117,2026-03-09 13:33:14,午餐
118,2026-03-02 12:22:21,午餐
119,2026-03-05 17:00:23,晚餐
120,2026-03-02 12:11:47,午餐
121,2026-03-20 17:07:12,晚餐
122,2026-03-20 11:01:23,午餐
123,2026-03-25 19:50:29,晚餐
124,2026-03-06 11:23:05,午餐
125,2026-03-23 17:57:40,晚餐
126,2026-03-02 18:43:55,晚餐
127,2026-03-31 19:15:11,晚餐
128,2026-03-19 12:28:17,午餐
129,2026-03-24 13:59:53,午餐
130,2026-03-31 13:49:05,午餐
131,2026-03-04 12:06:25,午餐
132,2026-03-12 12:12:56,午餐
133,2026-03-31 11:19:21,午餐
134,2026-03-01 13:20:57,午餐
135,2026-03-04 18:52:21,晚餐
136,2026-03-02 17:21:58,晚餐
137,2026-03-06 18:07:27,晚餐
138,2026-03-24 11:12:10,午餐
139,2026-03-21 07:38:16,早餐
140,2026-03-03 11:00:32,午餐
141,2026-03-20 18:08:42,晚餐
142,2026-03-25 18:47:43,晚餐
143,2026-03-12 11:13:25,午餐
144,2026-03-06 13:04:07,午餐
145,2026-03-25 12:31:39,午餐
146,2026-03-04 08:49:22,早餐
147,2026-03-25 18:25:22,晚餐
148,2026-03-02 17:28:11,晚餐
149,2026-03-09 18:33:51,晚餐
150,2026-03-06 12:13:30,午餐
151,2026-03-09 12:48:37,午餐
152,2026-03-02 07:38:56,早餐
153,2026-03-19 08:25:50,早餐
154,2026-03-31 17:12:46,晚餐
155,2026-03-09 07:11:11,早餐
156,2026-03-30 12:13:51,午餐
157,2026-03-31 09:28:51,早餐
158,2026-03-05 13:16:21,午餐
159,2026-03-31 13:02:38,午餐
160,2026-03-20 11:47:51,午餐
161,2026-03-04 11:51:17,午餐
162,2026-03-05 11:10:08,午餐
163,2026-03-03 11:17:07,午餐
164,2026-03-09 11:05:22,午餐
165,2026-03-16 11:40:50,午餐
166,2026-03-18 18:11:20,晚餐
167,2026-03-23 12:41:23,午餐
168,2026-03-11 17:02:30,晚餐
169,2026-03-20 07:15:49,早餐
170,2026-03-23 13:10:28,午餐
171,2026-03-27 11:44:10,午餐
172,2026-03-06 12:47:04,午餐
173,2026-03-17 13:37:52,午餐
174,2026-03-21 07:15:46,早餐
175,2026-03-18 11:46:13,午餐
176,2026-03-23 19:06:11,晚餐
177,2026-03-23 18:29:15,晚餐
178,2026-03-02 12:02:08,午餐
179,2026-03-24 09:33:53,早餐
180,2026-03-02 19:15:34,晚餐
181,2026-03-30 13:30:59,午餐
182,2026-03-23 13:02:10,午餐
183,2026-03-24 12:39:52,午餐
184,2026-03-27 12:48:49,午餐
185,2026-03-04 19:02:59,晚餐
186,2026-03-07 13:26:23,午餐
187,2026-03-06 13:54:38,午餐
188,2026-03-30 17:08:52,晚餐
189,2026-03-10 13:57:27,午餐
190,2026-03-23 18:47:18,晚餐
191,2026-03-23 13:24:17,午餐
192,2026-03-09 19:10:10,晚餐
193,2026-03-27 19:10:26,晚餐
194,2026-03-06 13:17:02,午餐
195,2026-03-10 12:20:32,午餐
196,2026-03-21 11:28:05,午餐
197,2026-03-05 18:27:37,晚餐
198,2026-03-23 11:51:24,午餐
199,2026-03-01 12:19:37,午餐
200,2026-03-07 11:00:21,午餐
201,2026-03-19 12:55:10,午餐
202,2026-03-20 13:04:11,午餐
203,2026-03-25 13:03:12,午餐
204,2026-03-27 13:51:46,午餐
205,2026-03-28 11:37:03,午餐
206,2026-03-23 12:42:38,午餐
207,2026-03-25 17:41:52,晚餐
208,2026-03-11 13:34:09,午餐
209,2026-03-19 07:14:47,早餐
210,2026-03-17 11:56:27,午餐
211,2026-03-01 13:36:45,午餐
212,2026-03-18 13:04:32,午餐
213,2026-03-16 11:16:03,午餐
214,2026-03-27 19:18:19,晚餐
215,2026-03-18 11:11:39,午餐
216,2026-03-16 11:32:24,午餐
217,2026-03-02 13:34:41,午餐
218,2026-03-06 08:10:54,早餐
219,2026-03-18 13:58:52,午餐
220,2026-03-25 08:47:22,早餐
221,2026-03-19 11:09:20,午餐
222,2026-03-02 11:36:12,午餐
223,2026-03-19 12:25:03,午餐
224,2026-03-27 13:55:20,午餐
225,2026-03-26 13:50:42,午餐
226,2026-03-26 13:06:02,午餐
227,2026-03-25 18:41:43,晚餐
228,2026-03-16 18:51:13,晚餐
229,2026-03-17 13:00:24,午餐
230,2026-03-24 11:15:01,午餐
231,2026-03-12 11:37:09,午餐
232,2026-03-30 11:30:33,午餐
233,2026-03-31 11:35:34,午餐
234,2026-03-01 11:05:08,午餐
235,2026-03-13 19:25:42,晚餐
236,2026-03-25 17:35:01,晚餐
237,2026-03-02 12:21:48,午餐
238,2026-03-13 13:05:07,午餐
239,2026-03-23 12:01:33,午餐
240,2026-03-13 13:15:19,午餐
241,2026-03-12 18:03:41,晚餐
242,2026-03-11 13:07:15,午餐
243,2026-03-20 12:10:06,午餐
244,2026-03-05 18:02:51,晚餐
245,2026-03-28 17:12:21,晚餐
246,2026-03-13 17:32:14,晚餐
247,2026-03-04 17:47:53,晚餐
248,2026-03-20 12:37:51,午餐
249,2026-03-12 12:25:45,午餐
250,2026-03-04 13:43:50,午餐
251,2026-03-31 12:55:56,午餐
252,2026-03-24 11:53:34,午餐
253,2026-03-20 19:52:37,晚餐
254,2026-03-26 18:39:27,晚餐
255,2026-03-23 13:17:02,午餐
256,2026-03-09 18:29:12,晚餐
257,2026-03-17 11:11:24,午餐
258,2026-03-26 07:18:24,早餐
259,2026-03-18 13:49:44,午餐
260,2026-03-09 18:08:36,晚餐
261,2026-03-12 18:07:44,晚餐
262,2026-03-27 18:32:05,晚餐
263,2026-03-13 11:01:54,午餐
264,2026-03-06 12:46:39,午餐
265,2026-03-26 13:33:26,午餐
266,2026-03-04 18:37:54,晚餐
267,2026-03-24 13:08:11,午餐
268,2026-03-11 12:30:50,午餐
269,2026-03-11 13:54:08,午餐
270,2026-03-25 11:08:36,午餐
271,2026-03-09 13:05:46,午餐
272,2026-03-13 09:03:33,早餐
273,2026-03-27 12:14:12,午餐
274,2026-03-12 18:08:43,晚餐
275,2026-03-31 12:50:50,午餐
276,2026-03-11 12:34:36,午餐
277,2026-03-13 13:00:21,午餐
278,2026-03-06 18:17:58,晚餐
279,2026-03-24 13:31:42,午餐
280,2026-03-24 12:52:36,午餐
281,2026-03-02 11:36:52,午餐
282,2026-03-19 19:07:14,晚餐
283,2026-03-19 12:57:15,午餐
284,2026-03-12 13:58:59,午餐
285,2026-03-11 13:55:20,午餐
286,2026-03-27 11:37:54,午餐
287,2026-03-09 13:03:22,午餐
288,2026-03-06 12:22:42,午餐
289,2026-03-18 13:10:54,午餐
290,2026-03-31 19:17:34,晚餐
291,2026-03-02 18:39:12,晚餐
292,2026-03-18 13:34:32,午餐
293,2026-03-04 13:24:52,午餐
294,2026-03-06 17:49:44,晚餐
295,2026-03-16 11:16:59,午餐
296,2026-03-23 13:25:34,午餐
297,2026-03-19 12:16:55,午餐
298,2026-03-21 17:19:16,晚餐
299,2026-03-24 12:57:04,午餐
300,2026-03-01 11:51:30,午餐
301,2026-03-19 19:34:17,晚餐
302,2026-03-09 19:47:58,晚餐
303,2026-03-05 13:12:22,午餐
304,2026-03-07 12:42:33,午餐
305,2026-03-26 13:54:15,午餐
306,2026-03-10 18:55:56,晚餐
307,2026-03-24 13:41:16,午餐
308,2026-03-04 13:33:03,午餐
309,2026-03-08 12:20:35,午餐
310,2026-03-19 13:29:22,午餐
311,2026-03-16 19:05:58,晚餐
312,2026-03-19 11:10:29,午餐
313,2026-03-14 13:41:11,午餐
314,2026-03-09 11:31:09,午餐
315,2026-03-27 13:33:33,午餐
316,2026-03-25 17:19:44,晚餐
317,2026-03-12 07:17:19,早餐
318,2026-03-11 19:53:03,晚餐
319,2026-03-08 11:34:23,午餐
320,2026-03-17 12:05:10,午餐
321,2026-03-18 19:23:49,晚餐
322,2026-03-31 18:49:46,晚餐
323,2026-03-21 09:17:07,早餐
324,2026-03-03 07:12:31,早餐
325,2026-03-26 13:43:04,午餐
326,2026-03-12 07:47:39,早餐
327,2026-03-30 17:55:48,晚餐
328,2026-03-09 12:41:18,午餐
329,2026-03-26 08:02:11,早餐
330,2026-03-19 18:58:29,晚餐
331,2026-03-03 17:09:29,晚餐
332,2026-03-20 18:11:14,晚餐
333,2026-03-27 13:15:57,午餐
334,2026-03-18 18:28:31,晚餐
335,2026-03-10 19:38:59,晚餐
336,2026-03-23 13:18:37,午餐
337,2026-03-03 13:18:27,午餐
338,2026-03-02 19:06:56,晚餐
339,2026-03-18 13:08:26,午餐
340,2026-03-17 19:24:20,晚餐
341,2026-03-02 12:16:08,午餐
342,2026-03-24 19:10:00,晚餐
343,2026-03-25 17:43:12,晚餐
344,2026-03-19 11:38:59,午餐
345,2026-03-29 12:06:02,午餐
346,2026-03-26 19:49:48,晚餐
347,2026-03-03 12:34:06,午餐
348,2026-03-05 18:51:25,晚餐
349,2026-03-27 11:29:51,午餐
350,2026-03-10 19:16:54,晚餐
351,2026-03-16 11:30:57,午餐
352,2026-03-27 17:14:08,晚餐
353,2026-03-27 13:55:44,午餐
354,2026-03-12 11:14:52,午餐
355,2026-03-08 11:45:49,午餐
356,2026-03-10 11:03:20,午餐
357,2026-03-23 18:56:14,晚餐
358,2026-03-11 11:13:54,午餐
359,2026-03-13 13:00:17,午餐
360,2026-03-20 12:18:07,午餐
361,2026-03-10 12:48:47,午餐
362,2026-03-17 13:37:35,午餐
363,2026-03-14 12:11:15,午餐
364,2026-03-08 08:29:52,早餐
365,2026-03-12 18:08:28,晚餐
366,2026-03-05 11:53:17,午餐
367,2026-03-04 11:23:05,午餐
368,2026-03-01 19:59:03,晚餐
369,2026-03-25 11:33:42,午餐
370,2026-03-23 17:59:39,晚餐
371,2026-03-13 13:42:35,午餐
372,2026-03-09 09:21:24,早餐
373,2026-03-30 13:50:29,午餐
374,2026-03-30 19:46:39,晚餐
375,2026-03-02 13:38:06,午餐
376,2026-03-13 18:29:43,晚餐
377,2026-03-24 12:56:45,午餐
378,2026-03-11 12:43:42,午餐
379,2026-03-18 11:24:40,午餐
380,2026-03-10 17:54:28,晚餐
381,2026-03-05 18:19:35,晚餐
382,2026-03-15 13:58:30,午餐
383,2026-03-06 11:42:38,午餐
384,2026-03-31 19:57:13,晚餐
385,2026-03-26 12:36:11,午餐
386,2026-03-12 18:30:50,晚餐
387,2026-03-02 08:25:23,早餐
388,2026-03-27 19:28:54,晚餐
389,2026-03-17 18:22:40,晚餐
390,2026-03-10 13:39:38,午餐
391,2026-03-10 11:25:39,午餐
392,2026-03-06 19:49:37,晚餐
393,2026-03-02 11:10:50,午餐
394,2026-03-16 18:55:26,晚餐
395,2026-03-01 19:58:18,晚餐
396,2026-03-20 19:32:37,晚餐
397,2026-03-11 11:39:04,午餐
398,2026-03-29 19:58:50,晚餐
399,2026-03-23 11:33:48,午餐
400,2026-03-09 11:14:22,午餐
401,2026-03-10 11:29:40,午餐
402,2026-03-02 13:24:56,午餐
403,2026-03-28 08:19:19,早餐
404,2026-03-06 12:18:09,午餐
405,2026-03-17 07:22:50,早餐
406,2026-03-16 12:51:55,午餐
407,2026-03-20 12:15:29,午餐
408,2026-03-20 12:06:07,午餐
409,2026-03-19 12:16:24,午餐
410,2026-03-10 11:56:29,午餐
411,2026-03-11 12:47:05,午餐
412,2026-03-29 18:34:56,晚餐
413,2026-03-27 09:36:42,早餐
414,2026-03-24 13:35:53,午餐
415,2026-03-13 07:20:41,早餐
416,2026-03-01 17:02:50,晚餐
417,2026-03-24 18:23:11,晚餐
418,2026-03-17 12:38:35,午餐
419,2026-03-18 17:50:45,晚餐
420,2026-03-04 12:41:23,午餐
421,2026-03-20 19:47:40,晚餐
422,2026-03-27 11:33:30,午餐
423,2026-03-05 11:01:48,午餐
424,2026-03-23 12:03:49,午餐
425,2026-03-07 12:39:25,午餐
426,2026-03-08 17:26:03,晚餐
427,2026-03-28 12:52:08,午餐
428,2026-03-20 13:43:11,午餐
429,2026-03-25 19:23:53,晚餐
430,2026-03-05 08:33:23,早餐
431,2026-03-23 12:51:45,午餐
432,2026-03-25 13:47:44,午餐
433,2026-03-15 19:03:17,晚餐
434,2026-03-16 08:02:16,早餐
435,2026-03-13 19:59:41,晚餐
436,2026-03-02 17:02:31,晚餐
437,2026-03-31 12:43:19,午餐
438,2026-03-18 12:39:22,午餐
439,2026-03-26 12:44:20,午餐
440,2026-03-30 11:25:51,午餐
441,2026-03-30 09:04:31,早餐
442,2026-03-26 11:16:33,午餐
443,2026-03-20 09:01:36,早餐
444,2026-03-27 18:24:28,晚餐
445,2026-03-20 12:58:35,午餐
446,2026-03-12 17:58:58,晚餐
447,2026-03-13 07:58:12,早餐
448,2026-03-20 13:00:00,午餐
449,2026-03-27 12:51:00,午餐
450,2026-03-27 11:51:59,午餐
451,2026-03-06 09:41:02,早餐
452,2026-03-30 11:22:10,午餐
453,2026-03-11 12:26:20,午餐
454,2026-03-12 09:00:53,早餐
455,2026-03-30 11:46:41,午餐
456,2026-03-17 09:02:32,早餐
457,2026-03-20 11:14:02,午餐
458,2026-03-24 13:04:58,午餐
459,2026-03-14 07:30:17,早餐
460,2026-03-16 12:32:05,午餐
461,2026-03-01 17:52:22,晚餐
462,2026-03-26 11:43:50,午餐
463,2026-03-08 12:53:41,午餐
464,2026-03-31 11:10:17,午餐
465,2026-03-03 12:52:25,午餐
466,2026-03-03 12:03:43,午餐
467,2026-03-11 13:57:41,午餐
468,2026-03-13 12:54:46,午餐
469,2026-03-05 11:59:57,午餐
470,2026-03-20 13:10:52,午餐
471,2026-03-05 13:07:42,午餐
472,2026-03-29 09:19:36,早餐
473,2026-03-05 11:29:20,午餐
474,2026-03-19 11:42:12,午餐
475,2026-03-02 11:03:19,午餐
476,2026-03-09 12:12:07,午餐
477,2026-03-16 12:16:05,午餐
478,2026-03-03 17:28:18,晚餐
479,2026-03-25 19:02:27,晚餐
480,2026-03-27 18:43:50,晚餐
481,2026-03-27 12:31:43,午餐
482,2026-03-24 17:14:28,晚餐
483,2026-03-16 19:11:52,晚餐
484,2026-03-26 11:54:51,午餐
485,2026-03-24 17:09:41,晚餐
486,2026-03-16 17:03:46,晚餐
487,2026-03-04 07:44:37,早餐
488,2026-03-18 13:27:03,午餐
489,2026-03-09 12:09:46,午餐
490,2026-03-28 17:40:21,晚餐
491,2026-03-20 11:11:25,午餐
492,2026-03-08 17:07:05,晚餐
493,2026-03-05 13:02:26,午餐
494,2026-03-28 18:50:16,晚餐
495,2026-03-30 13:30:20,午餐
496,2026-03-30 11:00:07,午餐
497,2026-03-16 09:44:26,早餐
498,2026-03-09 18:31:16,晚餐
499,2026-03-01 07:11:11,早餐
500,2026-03-07 17:38:26,晚餐
501,2026-03-29 17:11:46,晚餐
502,2026-03-17 11:18:40,午餐
503,2026-03-11 19:26:37,晚餐
504,2026-03-28 12:49:53,午餐
505,2026-03-04 19:09:52,晚餐
506,2026-03-28 17:46:51,晚餐
507,2026-03-17 13:09:02,午餐
508,2026-03-13 13:24:00,午餐
509,2026-03-20 13:06:06,午餐
510,2026-03-19 12:41:03,午餐
511,2026-03-27 11:24:11,午餐
512,2026-03-19 11:33:57,午餐
513,2026-03-09 11:32:25,午餐
514,2026-03-13 11:11:16,午餐
515,2026-03-21 19:27:41,晚餐
516,2026-03-28 07:49:58,早餐
517,2026-03-10 07:07:07,早餐
518,2026-03-05 12:11:00,午餐
519,2026-03-26 08:25:51,早餐
520,2026-03-24 17:47:16,晚餐
521,2026-03-23 18:58:39,晚餐
522,2026-03-27 18:45:35,晚餐
523,2026-03-28 17:34:15,晚餐
524,2026-03-22 13:27:44,午餐
525,2026-03-16 09:22:08,早餐
526,2026-03-17 19:50:09,晚餐
527,2026-03-19 12:07:15,午餐
528,2026-03-30 19:10:47,晚餐
529,2026-03-30 18:43:59,晚餐
530,2026-03-05 11:11:24,午餐
531,2026-03-18 11:43:01,午餐
532,2026-03-09 17:24:52,晚餐
533,2026-03-03 12:55:45,午餐
534,2026-03-06 13:15:52,午餐
535,2026-03-13 19:24:03,晚餐
536,2026-03-20 19:46:01,晚餐
537,2026-03-05 13:51:56,午餐
538,2026-03-06 11:13:14,午餐
539,2026-03-01 12:04:18,午餐
540,2026-03-06 11:24:18,午餐
541,2026-03-11 12:10:23,午餐
542,2026-03-07 11:41:29,午餐
543,2026-03-10 19:40:07,晚餐
544,2026-03-27 08:20:06,早餐
545,2026-03-25 18:10:47,晚餐
546,2026-03-09 13:12:16,午餐
547,2026-03-03 12:36:06,午餐
548,2026-03-21 11:50:22,午餐
549,2026-03-11 11:56:06,午餐
550,2026-03-19 13:03:38,午餐
551,2026-03-23 11:48:53,午餐
552,2026-03-20 17:49:47,晚餐
553,2026-03-28 12:45:54,午餐
554,2026-03-22 11:36:03,午餐
555,2026-03-17 11:21:56,午餐
556,2026-03-02 13:17:58,午餐
557,2026-03-23 12:15:47,午餐
558,2026-03-24 08:31:26,早餐
559,2026-03-30 11:35:02,午餐
560,2026-03-27 09:08:22,早餐
561,2026-03-02 18:42:18,晚餐
562,2026-03-05 11:35:38,午餐
563,2026-03-10 18:49:38,晚餐
564,2026-03-04 12:45:49,午餐
565,2026-03-05 11:41:27,午餐
566,2026-03-25 19:16:18,晚餐
567,2026-03-18 11:12:53,午餐
568,2026-03-19 12:28:39,午餐
569,2026-03-20 12:48:20,午餐
570,2026-03-27 11:21:16,午餐
571,2026-03-16 17:38:54,晚餐
572,2026-03-13 11:29:53,午餐
573,2026-03-22 19:07:38,晚餐
574,2026-03-13 09:39:10,早餐
575,2026-03-20 17:31:52,晚餐
576,2026-03-24 13:34:30,午餐
577,2026-03-31 12:47:47,午餐
578,2026-03-02 11:50:30,午餐
579,2026-03-10 19:02:52,晚餐
580,2026-03-02 12:27:32,午餐
581,2026-03-18 12:20:41,午餐
582,2026-03-30 11:54:54,午餐
583,2026-03-10 19:43:27,晚餐
584,2026-03-22 12:42:27,午餐
585,2026-03-06 13:58:54,午餐
586,2026-03-02 12:50:55,午餐
587,2026-03-19 12:57:49,午餐
588,2026-03-16 11:57:10,午餐
589,2026-03-15 09:56:07,早餐
590,2026-03-16 13:33:27,午餐
591,2026-03-05 19:30:31,晚餐
592,2026-03-28 12:06:44,午餐
593,2026-03-22 13:45:44,午餐
594,2026-03-25 11:40:13,午餐
595,2026-03-15 13:06:28,午餐
596,2026-03-16 13:03:22,午餐
597,2026-03-06 17:43:23,晚餐
598,2026-03-10 19:54:48,晚餐
599,2026-03-22 08:12:10,早餐
600,2026-03-13 19:12:23,晚餐
601,2026-03-04 18:48:20,晚餐
602,2026-03-15 11:01:38,午餐
603,2026-03-26 12:47:40,午餐
604,2026-03-03 18:03:32,晚餐
605,2026-03-23 11:09:03,午餐
606,2026-03-24 11:46:44,午餐
607,2026-03-20 19:42:42,晚餐
608,2026-03-16 19:15:42,晚餐
609,2026-03-26 17:40:21,晚餐
610,2026-03-04 11:41:05,午餐
611,2026-03-12 12:32:08,午餐
612,2026-03-06 19:55:22,晚餐
613,2026-03-24 12:11:09,午餐
614,2026-03-05 13:27:23,午餐
615,2026-03-25 12:13:43,午餐
616,2026-03-02 11:36:26,午餐
617,2026-03-04 08:00:16,早餐
618,2026-03-24 17:42:02,晚餐
619,2026-03-29 11:21:32,午餐
620,2026-03-23 11:28:30,午餐
621,2026-03-05 13:24:56,午餐
622,2026-03-11 18:36:07,晚餐
623,2026-03-17 12:10:33,午餐
624,2026-03-23 13:59:53,午餐
625,2026-03-06 18:01:09,晚餐
626,2026-03-31 19:16:58,晚餐
627,2026-03-12 13:42:54,午餐
628,2026-03-03 07:39:57,早餐
629,2026-03-12 11:18:51,午餐
630,2026-03-13 17:23:14,晚餐
631,2026-03-12 12:08:42,午餐
632,2026-03-24 13:17:45,午餐
633,2026-03-15 07:58:17,早餐
634,2026-03-04 13:36:42,午餐
635,2026-03-23 08:09:59,早餐
636,2026-03-02 19:57:48,晚餐
637,2026-03-31 19:25:32,晚餐
638,2026-03-25 13:11:35,午餐
639,2026-03-04 12:24:55,午餐
640,2026-03-19 12:57:20,午餐
641,2026-03-09 19:30:53,晚餐
642,2026-03-18 12:12:18,午餐
643,2026-03-30 17:58:02,晚餐
644,2026-03-19 07:00:29,早餐
645,2026-03-27 12:17:51,午餐
646,2026-03-13 13:52:55,午餐
647,2026-03-06 08:09:10,早餐
648,2026-03-10 11:04:36,午餐
649,2026-03-04 17:09:41,晚餐
650,2026-03-25 12:26:25,午餐
651,2026-03-06 13:07:32,午餐
652,2026-03-19 13:53:41,午餐
653,2026-03-03 17:06:43,晚餐
654,2026-03-20 11:39:32,午餐
655,2026-03-31 12:11:52,午餐
656,2026-03-23 12:56:33,午餐
657,2026-03-31 12:29:31,午餐
658,2026-03-18 11:12:06,午餐
659,2026-03-27 08:16:16,早餐
660,2026-03-06 11:20:38,午餐
661,2026-03-16 19:55:00,晚餐
662,2026-03-06 17:57:22,晚餐
663,2026-03-24 17:29:49,晚餐
664,2026-03-26 09:39:07,早餐
665,2026-03-02 11:23:06,午餐
666,2026-03-25 12:11:44,午餐
667,2026-03-17 19:31:28,晚餐
668,2026-03-03 11:50:21,午餐
669,2026-03-23 13:53:22,午餐
670,2026-03-17 13:24:12,午餐
671,2026-03-09 13:41:26,午餐
672,2026-03-29 19:05:58,晚餐
673,2026-03-03 12:20:03,午餐
674,2026-03-02 11:54:03,午餐
675,2026-03-21 13:18:50,午餐
676,2026-03-31 09:34:33,早餐
677,2026-03-05 08:15:33,早餐
678,2026-03-17 13:26:33,午餐
679,2026-03-17 13:30:58,午餐
680,2026-03-04 18:01:37,晚餐
681,2026-03-13 13:23:48,午餐
682,2026-03-20 07:55:35,早餐
683,2026-03-04 11:20:48,午餐
684,2026-03-19 12:33:03,午餐
685,2026-03-29 11:01:27,午餐
686,2026-03-06 17:30:10,晚餐
687,2026-03-19 12:35:02,午餐
688,2026-03-23 18:55:04,晚餐
689,2026-03-17 18:27:43,晚餐
690,2026-03-20 19:59:38,晚餐
691,2026-03-16 13:17:33,午餐
692,2026-03-14 09:34:53,早餐
693,2026-03-10 13:25:57,午餐
694,2026-03-20 13:33:48,午餐
695,2026-03-18 12:09:58,午餐
696,2026-03-01 19:38:02,晚餐
697,2026-03-29 13:32:39,午餐
698,2026-03-26 12:10:26,午餐
699,2026-03-18 11:11:53,午餐
700,2026-03-23 11:25:00,午餐
701,2026-03-30 11:58:24,午餐
702,2026-03-05 11:04:02,午餐
703,2026-03-31 09:24:55,早餐
704,2026-03-12 09:15:52,早餐
705,2026-03-17 17:46:18,晚餐
706,2026-03-05 11:42:05,午餐
707,2026-03-16 12:40:27,午餐
708,2026-03-31 13:23:49,午餐
709,2026-03-02 13:27:27,午餐
710,2026-03-01 07:17:21,早餐
711,2026-03-07 18:18:42,晚餐
712,2026-03-31 12:27:37,午餐
713,2026-03-18 08:31:47,早餐
714,2026-03-02 18:57:08,晚餐
715,2026-03-19 11:41:23,午餐
716,2026-03-19 09:31:05,早餐
717,2026-03-03 11:27:53,午餐
718,2026-03-11 11:56:10,午餐
719,2026-03-20 18:44:15,晚餐
720,2026-03-02 13:17:40,午餐
721,2026-03-10 17:55:56,晚餐
722,2026-03-09 19:48:20,晚餐
723,2026-03-16 12:42:10,午餐
724,2026-03-09 13:49:40,午餐
725,2026-03-22 12:38:00,午餐
726,2026-03-31 12:05:08,午餐
727,2026-03-26 12:43:06,午餐
728,2026-03-09 11:26:08,午餐
729,2026-03-03 12:15:08,午餐
730,2026-03-23 07:15:20,早餐
731,2026-03-04 13:15:38,午餐
732,2026-03-02 08:00:26,早餐
733,2026-03-22 13:19:17,午餐
734,2026-03-10 12:30:56,午餐
735,2026-03-10 12:46:34,午餐
736,2026-03-27 13:54:08,午餐
737,2026-03-03 13:19:34,午餐
738,2026-03-20 12:51:12,午餐
739,2026-03-16 11:24:26,午餐
740,2026-03-01 13:20:49,午餐
741,2026-03-03 12:21:15,午餐
742,2026-03-13 17:40:10,晚餐
743,2026-03-14 12:54:30,午餐
744,2026-03-02 11:47:51,午餐
745,2026-03-02 13:22:58,午餐
746,2026-03-22 11:25:46,午餐
747,2026-03-09 09:42:31,早餐
748,2026-03-23 09:09:51,早餐
749,2026-03-30 18:43:28,晚餐
750,2026-03-24 11:33:57,午餐
751,2026-03-10 13:58:55,午餐
752,2026-03-03 11:55:33,午餐
753,2026-03-27 18:54:15,晚餐
754,2026-03-20 13:21:57,午餐
755,2026-03-25 13:55:56,午餐
756,2026-03-05 18:13:13,晚餐
757,2026-03-25 18:48:15,晚餐
758,2026-03-11 11:14:15,午餐
759,2026-03-30 12:59:57,午餐
760,2026-03-09 08:43:29,早餐
761,2026-03-19 18:32:18,晚餐
762,2026-03-25 13:47:10,午餐
763,2026-03-12 18:35:17,晚餐
764,2026-03-06 13:04:40,午餐
765,2026-03-13 12:34:18,午餐
766,2026-03-26 13:57:19,午餐
767,2026-03-12 11:46:51,午餐
768,2026-03-23 12:26:37,午餐
769,2026-03-10 12:10:01,午餐
770,2026-03-23 11:13:42,午餐
771,2026-03-30 18:07:10,晚餐
772,2026-03-26 12:05:55,午餐
773,2026-03-13 12:07:35,午餐
774,2026-03-11 08:40:48,早餐
775,2026-03-07 17:44:52,晚餐
776,2026-03-15 11:17:52,午餐
777,2026-03-24 13:43:54,午餐
778,2026-03-26 12:25:22,午餐
779,2026-03-15 17:28:05,晚餐
780,2026-03-21 11:35:30,午餐
781,2026-03-31 18:07:38,晚餐
782,2026-03-23 18:10:37,晚餐
783,2026-03-27 17:57:06,晚餐
784,2026-03-17 11:17:20,午餐
785,2026-03-10 17:33:14,晚餐
786,2026-03-06 13:59:39,午餐
787,2026-03-10 13:13:08,午餐
788,2026-03-19 11:09:45,午餐
789,2026-03-28 18:44:07,晚餐
790,2026-03-17 11:01:31,午餐
791,2026-03-12 07:31:32,早餐
792,2026-03-05 17:57:15,晚餐
793,2026-03-03 13:48:13,午餐
794,2026-03-05 11:52:29,午餐
795,2026-03-05 12:20:37,午餐
796,2026-03-17 12:37:59,午餐
797,2026-03-02 11:33:54,午餐
798,2026-03-07 11:43:01,午餐
799,2026-03-17 11:27:26,午餐
800,2026-03-09 12:30:28,午餐
801,2026-03-15 12:32:09,午餐
802,2026-03-30 11:48:58,午餐
803,2026-03-13 19:00:10,晚餐
804,2026-03-23 19:20:16,晚餐
805,2026-03-17 11:53:40,午餐
806,2026-03-17 17:31:35,晚餐
807,2026-03-17 12:58:06,午餐
808,2026-03-10 11:45:17,午餐
809,2026-03-02 11:33:08,午餐
810,2026-03-06 11:24:06,午餐
811,2026-03-10 13:03:11,午餐
812,2026-03-19 13:33:13,午餐
813,2026-03-22 11:33:18,午餐
814,2026-03-28 11:22:54,午餐
815,2026-03-28 13:35:28,午餐
816,2026-03-21 18:20:46,晚餐
817,2026-03-27 12:26:02,午餐
818,2026-03-07 17:00:14,晚餐
819,2026-03-19 17:53:23,晚餐
820,2026-03-17 11:29:27,午餐
821,2026-03-27 11:12:03,午餐
822,2026-03-15 13:59:45,午餐
823,2026-03-10 12:10:28,午餐
824,2026-03-02 08:39:37,早餐
825,2026-03-18 18:22:18,晚餐
826,2026-03-25 12:25:19,午餐
827,2026-03-12 11:57:48,午餐
828,2026-03-10 18:39:20,晚餐
829,2026-03-09 13:09:26,午餐
830,2026-03-30 12:50:20,午餐
831,2026-03-21 18:17:11,晚餐
832,2026-03-12 17:43:04,晚餐
833,2026-03-11 11:19:00,午餐
834,2026-03-20 17:11:21,晚餐
835,2026-03-24 13:00:11,午餐
836,2026-03-02 13:32:00,午餐
837,2026-03-31 13:14:14,午餐
838,2026-03-27 18:21:41,晚餐
839,2026-03-05 12:11:30,午餐
840,2026-03-05 12:40:52,午餐
841,2026-03-04 11:11:40,午餐
842,2026-03-02 11:51:49,午餐
843,2026-03-29 13:53:35,午餐
844,2026-03-25 13:54:51,午餐
845,2026-03-10 19:34:47,晚餐
846,2026-03-19 12:56:01,午餐
847,2026-03-16 18:10:45,晚餐
848,2026-03-16 17:10:08,晚餐
849,2026-03-24 12:01:17,午餐
850,2026-03-27 19:41:38,晚餐
851,2026-03-26 07:19:23,早餐
852,2026-03-19 18:33:18,晚餐
853,2026-03-11 07:24:11,早餐
854,2026-03-09 11:35:24,午餐
855,2026-03-16 13:09:43,午餐
856,2026-03-21 12:56:12,午餐
857,2026-03-05 12:40:32,午餐
858,2026-03-05 19:43:24,晚餐
859,2026-03-29 11:53:26,午餐
860,2026-03-18 17:08:14,晚餐
861,2026-03-29 19:46:07,晚餐
862,2026-03-30 12:12:55,午餐
863,2026-03-20 11:13:17,午餐
864,2026-03-21 12:29:52,午餐
865,2026-03-20 17:19:21,晚餐
866,2026-03-06 18:26:24,晚餐
867,2026-03-26 17:33:51,晚餐
868,2026-03-13 18:54:16,晚餐
869,2026-03-09 12:30:50,午餐
870,2026-03-26 17:31:32,晚餐
871,2026-03-23 13:10:08,午餐
872,2026-03-04 11:56:05,午餐
873,2026-03-06 09:07:38,早餐
874,2026-03-05 12:59:53,午餐
875,2026-03-23 11:05:31,午餐
876,2026-03-28 13:39:16,午餐
877,2026-03-07 12:49:50,午餐
878,2026-03-13 11:12:39,午餐
879,2026-03-16 17:21:18,晚餐
880,2026-03-22 09:14:52,早餐
881,2026-03-09 08:05:21,早餐
882,2026-03-28 17:11:05,晚餐
883,2026-03-24 08:38:03,早餐
884,2026-03-17 11:54:14,午餐
885,2026-03-03 12:09:41,午餐
886,2026-03-31 12:54:41,午餐
887,2026-03-31 18:47:22,晚餐
888,2026-03-18 08:54:55,早餐
889,2026-03-27 17:06:37,晚餐
890,2026-03-10 11:16:08,午餐
891,2026-03-30 12:31:42,午餐
892,2026-03-11 19:03:58,晚餐
893,2026-03-18 11:24:37,午餐
894,2026-03-23 17:40:01,晚餐
895,2026-03-03 19:07:35,晚餐
896,2026-03-21 19:33:26,晚餐
897,2026-03-11 12:06:59,午餐
898,2026-03-16 18:37:40,晚餐
899,2026-03-31 11:48:15,午餐
900,2026-03-03 18:54:59,晚餐
901,2026-03-14 19:34:30,晚餐
902,2026-03-24 08:32:14,早餐
903,2026-03-31 19:54:57,晚餐
904,2026-03-06 18:06:33,晚餐
905,2026-03-03 11:09:19,午餐
906,2026-03-22 13:47:30,午餐
907,2026-03-12 13:54:09,午餐
908,2026-03-23 17:13:59,晚餐
909,2026-03-11 09:22:40,早餐
910,2026-03-26 11:01:53,午餐
911,2026-03-16 12:08:16,午餐
912,2026-03-13 11:11:37,午餐
913,2026-03-30 18:01:29,晚餐
914,2026-03-09 11:56:03,午餐
915,2026-03-20 13:24:12,午餐
916,2026-03-02 12:01:39,午餐
917,2026-03-03 18:05:26,晚餐
918,2026-03-20 12:19:46,午餐
919,2026-03-18 13:38:42,午餐
920,2026-03-30 13:39:51,午餐
921,2026-03-16 11:01:19,午餐
922,2026-03-11 13:35:11,午餐
923,2026-03-18 11:20:57,午餐
924,2026-03-13 13:51:01,午餐
925,2026-03-07 18:31:59,晚餐
926,2026-03-30 12:59:54,午餐
927,2026-03-24 17:50:08,晚餐
928,2026-03-12 12:59:47,午餐
929,2026-03-05 13:48:54,午餐
930,2026-03-16 11:12:25,午餐
931,2026-03-17 13:15:36,午餐
932,2026-03-10 13:16:54,午餐
933,2026-03-26 17:39:14,晚餐
934,2026-03-09 13:09:21,午餐
935,2026-03-15 08:02:12,早餐
936,2026-03-22 13:32:35,午餐
937,2026-03-10 12:02:12,午餐
938,2026-03-25 12:22:28,午餐
939,2026-03-19 17:35:56,晚餐
940,2026-03-12 12:27:51,午餐
941,2026-03-24 17:11:38,晚餐
942,2026-03-20 11:22:03,午餐
943,2026-03-31 12:55:03,午餐
944,2026-03-15 11:28:03,午餐
945,2026-03-02 12:44:11,午餐
946,2026-03-22 13:12:02,午餐
947,2026-03-17 08:44:37,早餐
948,2026-03-19 18:06:37,晚餐
949,2026-03-09 18:35:18,晚餐
950,2026-03-10 07:13:31,早餐
951,2026-03-26 11:31:15,午餐
952,2026-03-19 08:37:24,早餐
953,2026-03-30 11:41:24,午餐
954,2026-03-21 11:55:11,午餐
955,2026-03-26 17:03:26,晚餐
956,2026-03-20 17:10:27,晚餐
957,2026-03-21 13:10:41,午餐
958,2026-03-14 11:38:39,午餐
959,2026-03-09 11:11:57,午餐
960,2026-03-24 19:03:14,晚餐
961,2026-03-30 12:41:05,午餐
962,2026-03-04 18:40:31,晚餐
963,2026-03-23 17:52:40,晚餐
964,2026-03-16 11:38:12,午餐
965,2026-03-27 11:51:42,午餐
966,2026-03-11 12:55:19,午餐
967,2026-03-17 19:59:20,晚餐
968,2026-03-24 12:56:24,午餐
969,2026-03-10 11:16:22,午餐
970,2026-03-03 12:33:02,午餐
971,2026-03-30 19:28:12,晚餐
972,2026-03-10 18:54:09,晚餐
973,2026-03-31 17:09:48,晚餐
974,2026-03-12 11:32:15,午餐
975,2026-03-11 18:10:20,晚餐
976,2026-03-21 12:11:03,午餐
977,2026-03-20 08:30:36,早餐
978,2026-03-06 18:41:38,晚餐
979,2026-03-26 19:01:46,晚餐
980,2026-03-20 12:58:43,午餐
981,2026-03-12 13:29:40,午餐
982,2026-03-23 18:39:40,晚餐
983,2026-03-12 17:07:59,晚餐
984,2026-03-24 12:47:36,午餐
985,2026-03-07 19:34:15,晚餐
986,2026-03-07 18:54:59,晚餐
987,2026-03-15 12:46:35,午餐
988,2026-03-25 09:11:40,早餐
989,2026-03-07 13:29:39,午餐
990,2026-03-24 18:11:39,晚餐
991,2026-03-08 11:17:15,午餐
992,2026-03-10 17:35:51,晚餐
993,2026-03-23 11:54:53,午餐
994,2026-03-08 11:55:19,午餐
995,2026-03-27 19:21:09,晚餐
996,2026-03-13 18:55:41,晚餐
997,2026-03-06 13:15:25,午餐
998,2026-03-23 19:02:19,晚餐
999,2026-03-06 17:58:13,晚餐
1000,2026-03-27 19:44:14,晚餐
1001,2026-03-08 19:29:19,晚餐
1002,2026-03-23 12:55:38,午餐
1003,2026-03-16 12:56:24,午餐
1004,2026-03-26 18:08:19,晚餐
1005,2026-03-09 19:13:36,晚餐
1006,2026-03-03 12:54:46,午餐
1007,2026-03-09 19:55:17,晚餐
1008,2026-03-16 11:02:46,午餐
1009,2026-03-05 11:26:41,午餐
1010,2026-03-03 12:29:27,午餐
1011,2026-03-26 13:07:21,午餐
1012,2026-03-16 12:46:53,午餐
1013,2026-03-17 12:40:54,午餐
1014,2026-03-18 17:15:48,晚餐
1015,2026-03-12 13:44:16,午餐
1016,2026-03-04 17:27:06,晚餐
1017,2026-03-20 17:19:44,晚餐
1018,2026-03-24 08:14:34,早餐
1019,2026-03-18 13:07:46,午餐
1020,2026-03-09 09:17:37,早餐
1021,2026-03-03 11:21:47,午餐
1022,2026-03-31 18:11:51,晚餐
1023,2026-03-26 19:44:45,晚餐
1024,2026-03-17 09:16:23,早餐
1025,2026-03-05 13:05:20,午餐
1026,2026-03-13 12:00:53,午餐
1027,2026-03-16 11:04:14,午餐
1028,2026-03-05 09:58:09,早餐
1029,2026-03-10 13:55:06,午餐
1030,2026-03-17 18:08:59,晚餐
1031,2026-03-25 13:38:00,午餐
1032,2026-03-05 13:48:21,午餐
1033,2026-03-23 13:14:58,午餐
1034,2026-03-28 18:20:57,晚餐
1035,2026-03-28 17:48:54,晚餐
1036,2026-03-04 13:50:13,午餐
1037,2026-03-31 12:01:01,午餐
1038,2026-03-23 18:11:17,晚餐
1039,2026-03-20 13:25:18,午餐
1040,2026-03-08 12:19:12,午餐
1041,2026-03-18 09:42:56,早餐
1042,2026-03-23 18:07:14,晚餐
1043,2026-03-20 11:45:35,午餐
1044,2026-03-11 13:43:06,午餐
1045,2026-03-16 17:01:02,晚餐
1046,2026-03-23 19:45:23,晚餐
1047,2026-03-13 08:28:39,早餐
1048,2026-03-31 11:57:56,午餐
1049,2026-03-12 18:32:01,晚餐
1050,2026-03-27 11:02:45,午餐
1051,2026-03-30 19:56:20,晚餐
1052,2026-03-11 09:08:41,早餐
1053,2026-03-06 13:30:15,午餐
1054,2026-03-06 13:31:35,午餐
1055,2026-03-05 17:39:30,晚餐
1056,2026-03-19 08:03:41,早餐
1057,2026-03-07 11:42:35,午餐
1058,2026-03-20 13:57:13,午餐
1059,2026-03-11 12:13:50,午餐
1060,2026-03-20 12:46:18,午餐
1061,2026-03-24 13:20:44,午餐
1062,2026-03-20 12:42:23,午餐
1063,2026-03-18 11:49:44,午餐
1064,2026-03-17 13:28:36,午餐
1065,2026-03-20 13:04:56,午餐
1066,2026-03-24 17:45:18,晚餐
1067,2026-03-16 13:51:30,午餐
1068,2026-03-02 11:13:18,午餐
1069,2026-03-21 17:41:44,晚餐
1070,2026-03-12 11:03:16,午餐
1071,2026-03-24 12:42:09,午餐
1072,2026-03-26 11:45:34,午餐
1073,2026-03-15 17:59:34,晚餐
1074,2026-03-26 17:17:02,晚餐
1075,2026-03-06 12:34:39,午餐
1076,2026-03-13 12:50:50,午餐
1077,2026-03-17 12:14:55,午餐
1078,2026-03-04 11:29:39,午餐
1079,2026-03-30 18:03:01,晚餐
1080,2026-03-06 18:11:22,晚餐
1081,2026-03-27 11:50:17,午餐
1082,2026-03-09 18:46:09,晚餐
1083,2026-03-29 07:06:56,早餐
1084,2026-03-31 19:04:46,晚餐
1085,2026-03-23 12:22:59,午餐
1086,2026-03-06 18:46:59,晚餐
1087,2026-03-18 12:01:59,午餐
1088,2026-03-30 19:47:49,晚餐
1089,2026-03-13 18:12:05,晚餐
1090,2026-03-06 09:37:30,早餐
1091,2026-03-13 12:29:19,午餐
1092,2026-03-12 17:40:09,晚餐
1093,2026-03-26 12:03:42,午餐
1094,2026-03-26 13:53:47,午餐
1095,2026-03-28 13:09:19,午餐
1096,2026-03-19 13:48:51,午餐
1097,2026-03-12 11:27:39,午餐
1098,2026-03-02 11:58:07,午餐
1099,2026-03-10 11:04:34,午餐
1100,2026-03-01 11:58:41,午餐
1101,2026-03-02 13:56:46,午餐
1102,2026-03-06 12:59:46,午餐
1103,2026-03-10 12:19:27,午餐
1104,2026-03-11 11:37:48,午餐
1105,2026-03-23 17:22:33,晚餐
1106,2026-03-18 18:10:11,晚餐
1107,2026-03-31 11:46:48,午餐
1108,2026-03-27 11:08:09,午餐
1109,2026-03-20 19:07:14,晚餐
1110,2026-03-16 12:08:19,午餐
1111,2026-03-11 19:46:38,晚餐
1112,2026-03-31 11:40:45,午餐
1113,2026-03-31 17:57:50,晚餐
1114,2026-03-16 12:19:37,午餐
1115,2026-03-07 13:39:58,午餐
1116,2026-03-23 17:11:39,晚餐
1117,2026-03-26 13:38:48,午餐
1118,2026-03-23 12:04:23,午餐
1119,2026-03-03 13:17:38,午餐
1120,2026-03-18 12:20:19,午餐
1121,2026-03-17 12:34:17,午餐
1122,2026-03-25 17:00:17,晚餐
1123,2026-03-27 13:20:41,午餐
1124,2026-03-27 11:35:09,午餐
1125,2026-03-17 07:07:57,早餐
1126,2026-03-06 13:39:59,午餐
1127,2026-03-10 11:07:17,午餐
1128,2026-03-31 18:15:13,晚餐
1129,2026-03-01 18:12:36,晚餐
1130,2026-03-23 13:13:20,午餐
1131,2026-03-16 19:41:15,晚餐
1132,2026-03-07 07:15:14,早餐
1133,2026-03-14 19:58:36,晚餐
1134,2026-03-02 07:26:47,早餐
1135,2026-03-09 13:48:16,午餐
1136,2026-03-01 13:39:27,午餐
1137,2026-03-05 13:26:53,午餐
1138,2026-03-21 11:32:05,午餐
1139,2026-03-25 18:22:15,晚餐
1140,2026-03-19 12:21:53,午餐
1141,2026-03-17 19:33:40,晚餐
1142,2026-03-24 11:46:49,午餐
1143,2026-03-18 13:27:49,午餐
1144,2026-03-21 13:48:40,午餐
1145,2026-03-21 13:55:23,午餐
1146,2026-03-15 17:15:44,晚餐
1147,2026-03-20 12:49:21,午餐
1148,2026-03-31 18:18:35,晚餐
1149,2026-03-20 13:13:39,午餐
1150,2026-03-04 13:40:54,午餐
1151,2026-03-25 12:11:09,午餐
1152,2026-03-17 13:45:36,午餐
1153,2026-03-27 19:16:07,晚餐
1154,2026-03-16 13:08:41,午餐
1155,2026-03-27 13:12:22,午餐
1156,2026-03-24 12:06:10,午餐
1157,2026-03-06 11:43:40,午餐
1158,2026-03-30 13:24:47,午餐
1159,2026-03-11 17:11:32,晚餐
1160,2026-03-26 19:40:07,晚餐
1161,2026-03-19 18:01:55,晚餐
1162,2026-03-05 13:35:17,午餐
1163,2026-03-13 12:08:55,午餐
1164,2026-03-09 13:27:51,午餐
1165,2026-03-08 13:16:10,午餐
1166,2026-03-10 17:10:24,晚餐
1167,2026-03-02 13:54:33,午餐
1168,2026-03-24 17:17:44,晚餐
1169,2026-03-26 12:07:28,午餐
1170,2026-03-09 08:42:12,早餐
1171,2026-03-23 13:25:17,午餐
1172,2026-03-25 12:13:26,午餐
1173,2026-03-20 09:50:29,早餐
1174,2026-03-04 13:48:12,午餐
1175,2026-03-02 13:54:00,午餐
1176,2026-03-17 18:06:53,晚餐
1177,2026-03-24 12:12:31,午餐
1178,2026-03-11 12:02:45,午餐
1179,2026-03-01 11:02:39,午餐
1180,2026-03-25 18:16:22,晚餐
1181,2026-03-09 18:29:09,晚餐
1182,2026-03-24 12:03:36,午餐
1183,2026-03-17 13:21:55,午餐
1184,2026-03-29 12:12:47,午餐
1185,2026-03-07 07:03:20,早餐
1186,2026-03-11 11:42:52,午餐
1187,2026-03-15 13:39:00,午餐
1188,2026-03-09 13:51:35,午餐
1189,2026-03-18 17:53:07,晚餐
1190,2026-03-16 07:40:33,早餐
1191,2026-03-04 11:24:41,午餐
1192,2026-03-04 12:45:40,午餐
1193,2026-03-16 13:00:08,午餐
1194,2026-03-04 17:49:47,晚餐
1195,2026-03-11 11:46:16,午餐
1196,2026-03-19 13:07:00,午餐
1197,2026-03-03 12:37:47,午餐
1198,2026-03-26 11:50:35,午餐
1199,2026-03-31 11:46:43,午餐
1200,2026-03-17 13:01:59,午餐
