id,order_id,dish_id,quantity,unit_price
1,1,6,2,3.14
2,1,10,3,17.62
3,2,22,1,6.87
4,2,25,2,23.68
5,3,17,1,29.43
6,3,20,3,7.9
7,4,16,3,12.37
8,4,18,1,8.64
9,5,11,1,20.75
10,5,12,1,6.26
11,6,27,1,15.52
12,6,29,1,7.44
13,7,1,1,21.08
14,7,4,3,9.18
15,8,11,1,20.75
16,8,15,1,23.3
17,9,26,3,12.05
18,9,28,2,11.69
19,10,27,3,15.52
20,10,30,1,33.81
21,11,22,3,6.87
22,11,24,3,13.71
23,12,1,2,21.08
24,12,4,1,9.18
25,13,24,1,13.71
26,13,25,3,23.68
27,14,2,1,21.29
28,14,4,1,9.18
29,15,6,1,3.14
30,15,7,2,13.96
31,16,28,2,11.69
32,16,29,3,7.44
33,17,27,1,15.52
34,17,28,2,11.69
35,18,28,3,11.69
36,18,29,1,7.44
37,19,16,3,12.37
38,19,18,1,8.64
39,20,16,3,12.37
40,20,20,1,7.9
41,21,21,3,18.77
42,21,22,1,6.87
43,22,23,2,29.59
44,22,25,3,23.68
45,23,14,3,33.96
46,23,15,2,23.3
47,24,21,1,18.77
48,24,23,1,29.59
49,25,22,3,6.87
50,25,24,2,13.71
51,26,6,1,3.14
52,26,7,1,13.96
53,27,22,1,6.87
54,27,23,3,29.59
55,28,13,1,4.29
56,28,14,1,33.96
57,29,22,3,6.87
58,29,24,2,13.71
59,29,25,3,23.68
60,30,26,1,12.05
61,30,27,3,15.52
62,31,3,3,35.44
63,31,5,1,18.94
64,32,2,1,21.29
65,32,3,3,35.44
66,33,22,3,6.87
67,33,24,3,13.71
68,34,16,1,12.37
69,34,20,3,7.9
70,35,12,2,6.26
71,35,13,3,4.29
72,35,15,1,23.3
73,36,12,3,6.26
74,36,13,1,4.29
75,37,11,3,20.75
76,37,12,2,6.26
77,38,17,2,29.43
78,38,20,2,7.9
79,39,23,2,29.59
80,39,24,3,13.71
81,40,11,3,20.75
82,40,15,2,23.3
83,41,11,2,20.75
84,41,14,2,33.96
85,42,21,3,18.77
86,42,25,2,23.68
87,43,11,3,20.75
88,43,13,3,4.29
89,44,18,2,8.64
90,44,20,2,7.9
91,45,18,2,8.64
92,45,20,3,7.9
93,46,16,2,12.37
94,46,18,2,8.64
95,47,1,3,21.08
96,47,5,2,18.94
97,48,4,3,9.18
98,48,5,2,18.94
99,49,22,2,6.87
100,49,23,2,29.59
101,50,12,3,6.26
102,50,14,3,33.96
103,51,26,1,12.05
104,51,30,2,33.81
105,52,7,1,13.96
106,52,8,3,24.56
107,53,21,3,18.77
108,53,22,3,6.87
109,54,28,3,11.69
110,54,30,2,33.81
111,55,1,3,21.08
112,55,5,1,18.94
113,56,19,1,11.38
114,56,20,2,7.9
115,57,28,2,11.69
116,57,30,2,33.81
117,58,23,1,29.59
118,58,24,1,13.71
119,59,16,1,12.37
120,59,20,1,7.9
121,60,11,1,20.75
122,60,12,1,6.26
123,61,9,3,22.09
124,61,10,2,17.62
125,62,16,3,12.37
126,62,19,1,11.38
127,62,20,3,7.9
128,63,24,1,13.71
129,63,25,1,23.68
130,64,22,3,6.87
131,64,23,1,29.59
132,65,13,2,4.29
133,65,15,1,23.3
134,66,7,2,13.96
135,66,8,2,24.56
136,67,17,1,29.43
137,67,20,2,7.9
138,68,1,2,21.08
139,68,5,2,18.94
140,69,27,3,15.52
141,69,28,2,11.69
142,70,6,2,3.14
143,70,10,1,17.62
144,71,12,3,6.26
145,71,15,2,23.3
146,72,8,1,24.56
147,72,10,3,17.62
148,73,17,2,29.43
149,73,20,1,7.9
150,74,11,2,20.75
151,74,13,3,4.29
152,75,12,1,6.26
153,75,13,2,4.29
154,76,21,3,18.77
155,76,22,2,6.87
156,77,1,2,21.08
157,77,4,2,9.18
158,78,26,3,12.05
159,78,27,2,15.52
160,79,21,2,18.77
161,79,23,3,29.59
162,80,22,2,6.87
163,80,24,1,13.71
164,81,19,3,11.38
165,81,20,2,7.9
166,82,14,1,33.96
167,82,15,2,23.3
168,83,23,2,29.59
169,83,24,3,13.71
170,84,2,1,21.29
171,84,5,2,18.94
172,85,18,1,8.64
173,85,20,1,7.9
174,86,16,2,12.37
175,86,17,3,29.43
176,86,18,2,8.64
177,87,7,2,13.96
178,87,8,3,24.56
179,88,2,1,21.29
180,88,3,3,35.44
181,89,2,3,21.29
182,89,3,1,35.44
183,90,8,1,24.56
184,90,9,2,22.09
185,91,6,2,3.14
186,91,9,2,22.09
187,92,7,3,13.96
188,92,8,2,24.56
189,93,13,3,4.29
190,93,15,3,23.3
191,94,23,2,29.59
192,94,24,3,13.71
193,94,25,2,23.68
194,95,28,2,11.69
195,95,29,2,7.44
196,96,11,1,20.75
197,96,13,2,4.29
198,97,13,1,4.29
199,97,14,2,33.96
200,98,1,1,21.08
201,98,4,3,9.18
202,99,12,1,6.26
203,99,13,2,4.29
204,100,22,1,6.87
205,100,24,3,13.71
206,101,27,3,15.52
207,101,30,3,33.81
208,102,13,1,4.29
209,102,15,3,23.3
210,103,13,2,4.29
211,103,14,1,33.96
212,104,11,3,20.75
213,104,13,1,4.29
214,105,1,2,21.08
215,105,4,3,9.18
216,106,11,3,20.75
217,106,12,2,6.26
218,106,14,3,33.96
219,107,11,1,20.75
220,107,13,2,4.29
221,107,14,2,33.96
222,108,17,1,29.43
223,108,20,1,7.9
224,109,17,1,29.43
225,109,18,2,8.64
226,110,26,3,12.05
227,110,29,3,7.44
228,111,26,2,12.05
229,111,28,2,11.69
230,112,27,3,15.52
231,112,29,1,7.44
232,113,6,3,3.14
233,113,8,2,24.56
234,113,9,1,22.09
235,114,17,3,29.43
236,114,20,2,7.9
237,115,17,1,29.43
238,115,20,2,7.9
239,116,7,2,13.96
240,116,10,2,17.62
241,117,24,2,13.71
242,117,25,1,23.68
243,118,17,1,29.43
244,118,18,3,8.64
245,119,17,3,29.43
246,119,20,1,7.9
247,120,26,2,12.05
248,120,29,2,7.44
249,121,1,1,21.08
250,121,4,3,9.18
251,122,19,1,11.38
252,122,20,1,7.9
253,123,4,3,9.18
254,123,5,1,18.94
255,124,22,1,6.87
256,124,24,3,13.71
257,125,13,1,4.29
258,125,14,3,33.96
259,126,17,3,29.43
260,126,19,2,11.38
261,127,6,1,3.14
262,127,7,2,13.96
263,128,26,2,12.05
264,128,27,2,15.52
265,129,27,3,15.52
266,129,28,2,11.69
267,130,7,2,13.96
268,130,9,2,22.09
269,130,10,2,17.62
270,131,21,1,18.77
271,131,22,3,6.87
272,131,24,2,13.71
273,132,21,2,18.77
274,132,22,3,6.87
275,132,25,3,23.68
276,133,2,3,21.29
277,133,5,1,18.94
278,134,11,1,20.75
279,134,14,3,33.96
280,135,11,1,20.75
281,135,15,3,23.3
282,136,22,2,6.87
283,136,24,3,13.71
284,137,19,2,11.38
285,137,20,3,7.9
286,138,22,3,6.87
287,138,24,1,13.71
288,139,12,3,6.26
289,139,14,1,33.96
290,140,3,1,35.44
291,140,5,1,18.94
292,141,23,3,29.59
293,141,24,2,13.71
294,142,22,3,6.87
295,142,25,2,23.68
296,143,24,2,13.71
297,143,25,2,23.68
298,144,26,3,12.05
299,144,30,1,33.81
300,145,2,2,21.29
301,145,3,2,35.44
302,146,21,2,18.77
303,146,23,3,29.59
304,146,25,2,23.68
305,147,21,3,18.77
306,147,22,1,6.87
307,148,27,3,15.52
308,148,30,1,33.81
309,149,11,1,20.75
310,149,15,1,23.3
311,150,8,1,24.56
312,150,9,2,22.09
313,151,26,3,12.05
314,151,28,1,11.69
315,152,6,1,3.14
316,152,10,2,17.62
317,153,18,2,8.64
318,153,19,1,11.38
319,154,17,1,29.43
320,154,19,3,11.38
321,155,2,3,21.29
322,155,5,3,18.94
323,156,21,2,18.77
324,156,25,2,23.68
325,157,18,2,8.64
326,157,19,1,11.38
327,158,14,2,33.96
328,158,15,3,23.3
329,159,17,3,29.43
330,159,20,3,7.9
331,160,7,2,13.96
332,160,8,3,24.56
333,161,27,1,15.52
334,161,29,3,7.44
335,162,26,1,12.05
336,162,27,3,15.52
337,163,11,3,20.75
338,163,14,2,33.96
339,164,22,1,6.87
340,164,25,2,23.68
341,165,21,1,18.77
342,165,23,3,29.59
343,166,2,2,21.29
344,166,4,3,9.18
345,167,16,3,12.37
346,167,19,2,11.38
347,168,16,1,12.37
348,168,19,2,11.38
349,169,23,1,29.59
350,169,24,2,13.71
351,170,16,3,12.37
352,170,18,2,8.64
353,170,19,3,11.38
354,171,26,2,12.05
355,171,27,3,15.52
356,172,17,2,29.43
357,172,19,3,11.38
358,173,27,1,15.52
359,173,28,3,11.69
360,174,27,2,15.52
361,174,28,2,11.69
362,174,30,3,33.81
363,175,1,1,21.08
364,175,5,2,18.94
365,176,24,3,13.71
366,176,25,2,23.68
367,177,1,2,21.08
368,177,4,1,9.18
369,178,7,3,13.96
370,178,10,3,17.62
371,179,6,1,3.14
372,179,10,2,17.62
373,180,19,2,11.38
374,180,20,2,7.9
375,181,26,3,12.05
376,181,28,1,11.69
377,182,27,2,15.52
378,182,30,3,33.81
379,183,3,2,35.44
380,183,5,3,18.94
381,184,7,2,13.96
382,184,8,3,24.56
383,185,8,2,24.56
384,185,10,1,17.62
385,186,18,2,8.64
386,186,20,3,7.9
387,187,17,3,29.43
388,187,18,1,8.64
389,188,7,2,13.96
390,188,9,1,22.09
391,189,29,2,7.44
392,189,30,3,33.81
393,190,28,2,11.69
394,190,29,3,7.44
395,191,17,3,29.43
396,191,18,3,8.64
397,191,20,3,7.9
398,192,13,3,4.29
399,192,14,3,33.96
400,193,27,3,15.52
401,193,28,3,11.69
402,194,22,2,6.87
403,194,23,1,29.59
404,194,24,2,13.71
405,195,6,3,3.14
406,195,8,1,24.56
407,196,1,3,21.08
408,196,2,2,21.29
409,197,27,2,15.52
410,197,29,3,7.44
411,198,8,1,24.56
412,198,9,3,22.09
413,199,18,2,8.64
414,199,20,2,7.9
415,200,22,3,6.87
416,200,24,1,13.71
417,201,11,3,20.75
418,201,13,3,4.29
419,202,18,2,8.64
420,202,19,3,11.38
421,203,21,3,18.77
422,203,24,3,13.71
423,204,11,3,20.75
424,204,14,2,33.96
425,205,16,2,12.37
426,205,18,3,8.64
427,206,17,3,29.43
428,206,20,2,7.9
429,207,14,1,33.96
430,207,15,1,23.3
431,208,7,3,13.96
432,208,8,1,24.56
433,209,17,2,29.43
434,209,20,1,7.9
435,210,7,1,13.96
436,210,10,2,17.62
437,211,27,1,15.52
438,211,30,2,33.81
439,212,23,1,29.59
440,212,25,2,23.68
441,213,19,2,11.38
442,213,20,3,7.9
443,214,6,3,3.14
444,214,8,3,24.56
445,215,7,2,13.96
446,215,8,3,24.56
447,216,29,1,7.44
448,216,30,1,33.81
449,217,7,3,13.96
450,217,9,2,22.09
451,218,27,2,15.52
452,218,29,2,7.44
453,219,16,1,12.37
454,219,19,1,11.38
455,220,22,2,6.87
456,220,25,1,23.68
457,221,18,2,8.64
458,221,20,2,7.9
459,222,16,3,12.37
460,222,17,3,29.43
461,223,13,3,4.29
462,223,15,2,23.3
463,224,18,1,8.64
464,224,20,1,7.9
465,225,21,1,18.77
466,225,25,2,23.68
467,226,2,1,21.29
468,226,4,1,9.18
469,227,11,1,20.75
470,227,12,1,6.26
471,228,22,1,6.87
472,228,25,3,23.68
473,229,27,2,15.52
474,229,29,2,7.44
475,230,28,2,11.69
476,230,30,1,33.81
477,231,26,2,12.05
478,231,30,2,33.81
479,232,11,2,20.75
480,232,15,3,23.3
481,233,26,2,12.05
482,233,27,3,15.52
483,234,7,3,13.96
484,234,10,1,17.62
485,235,7,3,13.96
486,235,10,1,17.62
487,236,19,1,11.38
488,236,20,1,7.9
489,237,27,2,15.52
490,237,29,3,7.44
491,238,18,1,8.64
492,238,20,2,7.9
493,239,23,3,29.59
494,239,24,1,13.71
495,239,25,2,23.68
496,240,21,1,18.77
497,240,24,2,13.71
498,241,17,2,29.43
499,241,18,1,8.64
500,242,27,3,15.52
501,242,28,1,11.69
502,243,4,3,9.18
503,243,5,3,18.94
504,244,7,1,13.96
505,244,9,1,22.09
506,245,11,2,20.75
507,245,13,2,4.29
508,245,14,2,33.96
509,246,26,2,12.05
510,246,29,1,7.44
511,247,8,3,24.56
512,247,10,1,17.62
513,248,28,2,11.69
514,248,29,3,7.44
515,249,19,3,11.38
516,249,20,3,7.9
517,250,28,1,11.69
518,250,30,3,33.81
519,251,7,3,13.96
520,251,10,1,17.62
521,252,16,2,12.37
522,252,17,3,29.43
523,252,19,1,11.38
524,253,6,1,3.14
525,253,7,3,13.96
526,253,8,1,24.56
527,254,21,3,18.77
528,254,23,3,29.59
529,255,6,1,3.14
530,255,7,3,13.96
531,256,26,2,12.05
532,256,29,2,7.44
533,257,22,2,6.87
534,257,24,2,13.71
535,258,22,1,6.87
536,258,25,3,23.68
537,259,1,1,21.08
538,259,3,1,35.44
539,260,27,2,15.52
540,260,28,2,11.69
541,261,7,1,13.96
542,261,9,3,22.09
543,262,11,2,20.75
544,262,14,2,33.96
545,263,11,3,20.75
546,263,12,2,6.26
547,263,13,3,4.29
548,264,19,3,11.38
549,264,20,1,7.9
550,265,16,3,12.37
551,265,17,2,29.43
552,266,11,2,20.75
553,266,14,2,33.96
554,267,11,1,20.75
555,267,12,2,6.26
556,267,15,2,23.3
557,268,27,2,15.52
558,268,29,3,7.44
559,269,22,1,6.87
560,269,23,2,29.59
561,269,24,1,13.71
562,270,28,2,11.69
563,270,30,2,33.81
564,271,17,3,29.43
565,271,20,2,7.9
566,272,21,2,18.77
567,272,24,3,13.71
568,273,1,1,21.08
569,273,2,3,21.29
570,274,6,3,3.14
571,274,7,2,13.96
572,275,13,3,4.29
573,275,15,3,23.3
574,276,22,2,6.87
575,276,24,2,13.71
576,277,3,1,35.44
577,277,4,1,9.18
578,278,2,3,21.29
579,278,3,3,35.44
580,279,17,3,29.43
581,279,19,3,11.38
582,280,24,2,13.71
583,280,25,3,23.68
584,281,13,3,4.29
585,281,14,1,33.96
586,282,22,3,6.87
587,282,24,1,13.71
588,283,7,1,13.96
589,283,9,3,22.09
590,284,26,3,12.05
591,284,29,1,7.44
592,285,4,2,9.18
593,285,5,3,18.94
594,286,1,1,21.08
595,286,5,3,18.94
596,287,27,2,15.52
597,287,28,1,11.69
598,287,29,1,7.44
599,288,12,3,6.26
600,288,15,2,23.3
601,289,21,2,18.77
602,289,22,3,6.87
603,289,24,2,13.71
604,290,6,3,3.14
605,290,10,2,17.62
606,291,23,2,29.59
607,291,24,1,13.71
608,292,24,2,13.71
609,292,25,2,23.68
610,293,11,3,20.75
611,293,12,2,6.26
612,294,16,1,12.37
613,294,20,3,7.9
614,295,12,3,6.26
615,295,15,2,23.3
616,296,16,2,12.37
617,296,19,3,11.38
618,297,16,1,12.37
619,297,17,1,29.43
620,297,20,2,7.9
621,298,2,1,21.29
622,298,5,1,18.94
623,299,12,1,6.26
624,299,15,1,23.3
625,300,11,2,20.75
626,300,13,2,4.29
627,301,1,3,21.08
628,301,5,3,18.94
629,302,28,2,11.69
630,302,30,2,33.81
631,303,23,3,29.59
632,303,24,2,13.71
633,304,18,1,8.64
634,304,20,1,7.9
635,305,23,3,29.59
636,305,24,2,13.71
637,306,27,2,15.52
638,306,29,3,7.44
639,307,13,2,4.29
640,307,15,3,23.3
641,308,29,1,7.44
642,308,30,3,33.81
643,309,7,2,13.96
644,309,10,3,17.62
645,310,12,1,6.26
646,310,15,1,23.3
647,311,1,1,21.08
648,311,3,1,35.44
649,311,5,1,18.94
650,312,11,3,20.75
651,312,14,2,33.96
652,313,8,1,24.56
653,313,10,2,17.62
654,314,1,2,21.08
655,314,3,2,35.44
656,315,8,1,24.56
657,315,9,1,22.09
658,316,16,2,12.37
659,316,18,2,8.64
660,317,21,1,18.77
661,317,22,2,6.87
662,318,18,3,8.64
663,318,19,3,11.38
664,319,18,3,8.64
665,319,19,3,11.38
666,320,17,2,29.43
667,320,18,1,8.64
668,320,19,2,11.38
669,321,1,3,21.08
670,321,4,1,9.18
671,322,2,3,21.29
672,322,3,2,35.44
673,323,28,2,11.69
674,323,30,2,33.81
675,324,8,3,24.56
676,324,10,3,17.62
677,325,26,2,12.05
678,325,29,3,7.44
679,326,11,1,20.75
680,326,14,2,33.96
681,327,28,1,11.69
682,327,29,1,7.44
683,328,16,3,12.37
684,328,18,2,8.64
685,329,6,3,3.14
686,329,8,3,24.56
687,330,11,3,20.75
688,330,15,1,23.3
689,331,17,3,29.43
690,331,19,2,11.38
691,332,23,1,29.59
692,332,24,1,13.71
693,333,1,3,21.08
694,333,2,2,21.29
695,334,1,1,21.08
696,334,2,1,21.29
697,335,13,3,4.29
698,335,14,2,33.96
699,335,15,3,23.3
700,336,21,3,18.77
701,336,24,3,13.71
702,337,17,1,29.43
703,337,18,3,8.64
704,338,11,1,20.75
705,338,13,1,4.29
706,338,15,1,23.3
707,339,1,2,21.08
708,339,2,2,21.29
709,340,1,1,21.08
710,340,2,3,21.29
711,341,18,1,8.64
712,341,19,1,11.38
713,342,22,2,6.87
714,342,23,1,29.59
715,343,2,1,21.29
716,343,5,3,18.94
717,344,2,2,21.29
718,344,5,3,18.94
719,345,6,3,3.14
720,345,7,2,13.96
721,345,9,3,22.09
722,346,28,1,11.69
723,346,30,2,33.81
724,347,9,3,22.09
725,347,10,2,17.62
726,348,1,3,21.08
727,348,2,2,21.29
728,349,26,2,12.05
729,349,27,1,15.52
730,349,30,3,33.81
731,350,6,2,3.14
732,350,9,2,22.09
733,351,21,1,18.77
734,351,24,1,13.71
735,352,23,3,29.59
736,352,24,1,13.71
737,353,22,2,6.87
738,353,24,2,13.71
739,354,23,2,29.59
740,354,25,1,23.68
741,355,29,2,7.44
742,355,30,3,33.81
743,356,8,2,24.56
744,356,9,3,22.09
745,356,10,2,17.62
746,357,26,2,12.05
747,357,28,1,11.69
748,358,4,2,9.18
749,358,5,2,18.94
750,359,12,1,6.26
751,359,15,2,23.3
752,360,21,3,18.77
753,360,22,1,6.87
754,361,21,2,18.77
755,361,24,1,13.71
756,362,21,1,18.77
757,362,25,2,23.68
758,363,16,3,12.37
759,363,19,2,11.38
760,364,23,3,29.59
761,364,24,1,13.71
762,365,4,2,9.18
763,365,5,3,18.94
764,366,8,2,24.56
765,366,9,1,22.09
766,367,9,2,22.09
767,367,10,2,17.62
768,368,24,2,13.71
769,368,25,3,23.68
770,369,11,3,20.75
771,369,13,2,4.29
772,370,21,2,18.77
773,370,25,3,23.68
774,371,16,2,12.37
775,371,17,3,29.43
776,372,8,3,24.56
777,372,10,3,17.62
778,373,2,1,21.29
779,373,4,3,9.18
780,374,7,2,13.96
781,374,9,3,22.09
782,374,10,2,17.62
783,375,26,3,12.05
784,375,29,2,7.44
785,376,17,1,29.43
786,376,20,2,7.9
787,377,6,2,3.14
788,377,8,3,24.56
789,377,10,1,17.62
790,378,9,2,22.09
791,378,10,2,17.62
792,379,16,2,12.37
793,379,18,3,8.64
794,379,20,1,7.9
795,380,11,2,20.75
796,380,12,1,6.26
797,380,13,3,4.29
798,381,16,1,12.37
799,381,17,1,29.43
800,381,18,1,8.64
801,382,21,1,18.77
802,382,24,3,13.71
803,383,21,1,18.77
804,383,25,2,23.68
805,384,17,2,29.43
806,384,18,2,8.64
807,385,27,2,15.52
808,385,28,3,11.69
809,386,8,1,24.56
810,386,10,1,17.62
811,387,6,3,3.14
812,387,10,3,17.62
813,388,13,2,4.29
814,388,14,2,33.96
815,389,2,2,21.29
816,389,4,2,9.18
817,390,3,2,35.44
818,390,5,1,18.94
819,391,26,2,12.05
820,391,27,2,15.52
821,392,26,3,12.05
822,392,29,2,7.44
823,393,6,3,3.14
824,393,7,3,13.96
825,394,17,3,29.43
826,394,18,1,8.64
827,395,17,3,29.43
828,395,19,1,11.38
829,396,22,3,6.87
830,396,23,2,29.59
831,397,21,3,18.77
832,397,24,3,13.71
833,398,1,2,21.08
834,398,5,2,18.94
835,399,23,1,29.59
836,399,25,1,23.68
837,400,6,2,3.14
838,400,9,3,22.09
839,401,23,3,29.59
840,401,24,3,13.71
841,402,22,1,6.87
842,402,23,2,29.59
843,403,22,3,6.87
844,403,23,2,29.59
845,404,27,1,15.52
846,404,29,1,7.44
847,405,16,2,12.37
848,405,19,1,11.38
849,405,20,1,7.9
850,406,1,3,21.08
851,406,2,2,21.29
852,407,7,2,13.96
853,407,10,2,17.62
854,408,9,2,22.09
855,408,10,1,17.62
856,409,13,1,4.29
857,409,15,2,23.3
858,410,6,3,3.14
859,410,7,3,13.96
860,411,1,3,21.08
861,411,5,1,18.94
862,412,1,2,21.08
863,412,4,3,9.18
864,413,8,1,24.56
865,413,9,2,22.09
866,414,19,2,11.38
867,414,20,3,7.9
868,415,18,1,8.64
869,415,19,2,11.38
870,416,27,1,15.52
871,416,29,1,7.44
872,417,22,1,6.87
873,417,24,3,13.71
874,418,9,2,22.09
875,418,10,3,17.62
876,419,12,1,6.26
877,419,14,1,33.96
878,420,6,3,3.14
879,420,10,2,17.62
880,421,18,1,8.64
881,421,20,1,7.9
882,422,28,1,11.69
883,422,29,3,7.44
884,423,4,2,9.18
885,423,5,3,18.94
886,424,24,3,13.71
887,424,25,1,23.68
888,425,6,3,3.14
889,425,10,2,17.62
890,426,1,2,21.08
891,426,3,2,35.44
892,427,28,2,11.69
893,427,29,3,7.44
894,428,3,3,35.44
895,428,5,1,18.94
896,429,11,2,20.75
897,429,14,2,33.96
898,430,18,2,8.64
899,430,19,3,11.38
900,431,26,1,12.05
901,431,30,1,33.81
902,432,28,1,11.69
903,432,29,1,7.44
904,433,21,2,18.77
905,433,22,2,6.87
906,434,1,1,21.08
907,434,5,1,18.94
908,435,18,1,8.64
909,435,19,3,11.38
910,436,23,1,29.59
911,436,24,1,13.71
912,437,3,1,35.44
913,437,4,1,9.18
914,438,17,1,29.43
915,438,20,1,7.9
916,439,8,3,24.56
917,439,10,3,17.62
918,440,11,1,20.75
919,440,14,3,33.96
920,441,21,2,18.77
921,441,25,3,23.68
922,442,7,2,13.96
923,442,9,2,22.09
924,443,26,1,12.05
925,443,30,3,33.81
926,444,23,3,29.59
927,444,24,2,13.71
928,445,16,2,12.37
929,445,19,1,11.38
930,446,23,1,29.59
931,446,25,2,23.68
932,447,11,1,20.75
933,447,13,2,4.29
934,448,1,3,21.08
935,448,4,1,9.18
936,449,7,3,13.96
937,449,9,2,22.09
938,450,3,3,35.44
939,450,5,1,18.94
940,451,2,1,21.29
941,451,5,3,18.94
942,452,29,1,7.44
943,452,30,1,33.81
944,453,8,3,24.56
945,453,9,2,22.09
946,454,11,1,20.75
947,454,13,2,4.29
948,455,26,2,12.05
949,455,29,2,7.44
950,456,8,3,24.56
951,456,10,1,17.62
952,457,6,3,3.14
953,457,10,3,17.62
954,458,14,2,33.96
955,458,15,1,23.3
956,459,2,1,21.29
957,459,5,1,18.94
958,460,28,2,11.69
959,460,29,2,7.44
960,461,1,3,21.08
961,461,2,2,21.29
962,462,22,2,6.87
963,462,24,1,13.71
964,463,12,3,6.26
965,463,14,3,33.96
966,464,8,2,24.56
967,464,10,2,17.62
968,465,1,1,21.08
969,465,2,2,21.29
970,466,12,1,6.26
971,466,13,3,4.29
972,467,23,2,29.59
973,467,24,2,13.71
974,468,6,1,3.14
975,468,8,3,24.56
976,469,29,3,7.44
977,469,30,2,33.81
978,470,6,2,3.14
979,470,8,2,24.56
980,471,11,1,20.75
981,471,13,1,4.29
982,472,1,3,21.08
983,472,5,1,18.94
984,473,1,1,21.08
985,473,2,2,21.29
986,474,12,1,6.26
987,474,15,1,23.3
988,475,29,3,7.44
989,475,30,2,33.81
990,476,16,3,12.37
991,476,19,2,11.38
992,477,27,3,15.52
993,477,28,1,11.69
994,478,23,2,29.59
995,478,24,2,13.71
996,479,27,3,15.52
997,479,28,3,11.69
998,480,1,1,21.08
999,480,2,1,21.29
1000,481,1,3,21.08
1001,481,2,2,21.29
1002,482,21,2,18.77
1003,482,23,2,29.59
1004,482,24,2,13.71
1005,483,12,2,6.26
1006,483,13,3,4.29
1007,484,4,3,9.18
1008,484,5,3,18.94
1009,485,17,2,29.43
1010,485,19,3,11.38
1011,486,14,1,33.96
1012,486,15,2,23.3
1013,487,1,2,21.08
1014,487,4,3,9.18
1015,488,12,2,6.26
1016,488,13,2,4.29
1017,489,1,2,21.08
1018,489,5,1,18.94
1019,490,1,1,21.08
1020,490,3,3,35.44
1021,491,28,3,11.69
1022,491,29,3,7.44
1023,492,6,2,3.14
1024,492,10,1,17.62
1025,493,1,3,21.08
1026,493,2,2,21.29
1027,494,11,2,20.75
1028,494,12,2,6.26
1029,494,13,3,4.29
1030,495,6,2,3.14
1031,495,9,2,22.09
1032,496,11,2,20.75
1033,496,13,2,4.29
1034,497,26,3,12.05
1035,497,28,3,11.69
1036,498,22,3,6.87
1037,498,23,2,29.59
1038,499,24,1,13.71
1039,499,25,1,23.68
1040,500,21,1,18.77
1041,500,22,1,6.87
1042,500,25,2,23.68
1043,501,26,2,12.05
1044,501,27,2,15.52
1045,501,28,3,11.69
1046,501,29,1,7.44
1047,502,12,3,6.26
1048,502,13,1,4.29
1049,502,14,1,33.96
1050,503,2,3,21.29
1051,503,3,3,35.44
1052,504,27,2,15.52
1053,504,29,2,7.44
1054,504,30,3,33.81
1055,505,27,1,15.52
1056,505,28,1,11.69
1057,506,21,2,18.77
1058,506,22,1,6.87
1059,507,18,1,8.64
1060,507,19,2,11.38
1061,508,27,1,15.52
1062,508,30,3,33.81
1063,509,23,1,29.59
1064,509,25,3,23.68
1065,510,16,2,12.37
1066,510,18,1,8.64
1067,510,19,2,11.38
1068,511,16,1,12.37
1069,511,18,3,8.64
1070,512,29,3,7.44
1071,512,30,2,33.81
1072,513,12,3,6.26
1073,513,15,2,23.3
1074,514,27,2,15.52
1075,514,28,1,11.69
1076,514,29,3,7.44
1077,515,21,2,18.77
1078,515,23,1,29.59
1079,516,16,3,12.37
1080,516,19,3,11.38
1081,517,11,3,20.75
1082,517,13,1,4.29
1083,518,26,2,12.05
1084,518,30,1,33.81
1085,519,16,2,12.37
1086,519,18,1,8.64
1087,520,3,1,35.44
1088,520,4,3,9.18
1089,521,1,3,21.08
1090,521,3,1,35.44
1091,522,21,2,18.77
1092,522,25,1,23.68
1093,523,11,3,20.75
1094,523,13,2,4.29
1095,523,14,1,33.96
1096,524,26,2,12.05
1097,524,29,1,7.44
1098,525,26,3,12.05
1099,525,30,1,33.81
1100,526,14,1,33.96
1101,526,15,3,23.3
1102,527,18,2,8.64
1103,527,19,1,11.38
1104,528,26,3,12.05
1105,528,27,1,15.52
1106,529,22,3,6.87
1107,529,24,1,13.71
1108,530,7,2,13.96
1109,530,10,3,17.62
1110,531,12,3,6.26
1111,531,13,3,4.29
1112,532,12,1,6.26
1113,532,15,1,23.3
1114,533,1,1,21.08
1115,533,2,3,21.29
1116,533,5,1,18.94
1117,534,14,2,33.96
1118,534,15,3,23.3
1119,535,19,3,11.38
1120,535,20,3,7.9
1121,536,29,1,7.44
1122,536,30,2,33.81
1123,537,3,3,35.44
1124,537,4,1,9.18
1125,538,23,1,29.59
1126,538,24,3,13.71
1127,539,11,3,20.75
1128,539,14,2,33.96
1129,540,16,1,12.37
1130,540,19,3,11.38
1131,541,16,1,12.37
1132,541,20,2,7.9
1133,542,22,1,6.87
1134,542,23,2,29.59
1135,543,21,3,18.77
1136,543,23,2,29.59
1137,543,25,2,23.68
1138,544,16,2,12.37
1139,544,20,2,7.9
1140,545,27,2,15.52
1141,545,29,1,7.44
1142,546,22,1,6.87
1143,546,24,3,13.71
1144,547,13,1,4.29
1145,547,15,1,23.3
1146,548,26,1,12.05
1147,548,30,2,33.81
1148,549,16,1,12.37
1149,549,19,1,11.38
1150,550,27,3,15.52
1151,550,28,3,11.69
1152,550,30,2,33.81
1153,551,2,1,21.29
1154,551,5,3,18.94
1155,552,29,2,7.44
1156,552,30,2,33.81
1157,553,9,3,22.09
1158,553,10,3,17.62
1159,554,22,3,6.87
1160,554,25,1,23.68
1161,555,12,2,6.26
1162,555,14,1,33.96
1163,556,12,3,6.26
1164,556,15,1,23.3
1165,557,21,3,18.77
1166,557,22,3,6.87
1167,558,27,2,15.52
1168,558,28,3,11.69
1169,559,24,2,13.71
1170,559,25,3,23.68
1171,560,16,1,12.37
1172,560,20,2,7.9
1173,561,23,1,29.59
1174,561,24,2,13.71
1175,562,11,1,20.75
1176,562,15,3,23.3
1177,563,18,2,8.64
1178,563,20,3,7.9
1179,564,13,3,4.29
1180,564,14,1,33.96
1181,565,16,1,12.37
1182,565,19,2,11.38
1183,566,3,3,35.44
1184,566,4,1,9.18
1185,567,11,2,20.75
1186,567,13,1,4.29
1187,568,3,1,35.44
1188,568,5,3,18.94
1189,569,1,2,21.08
1190,569,2,1,21.29
1191,570,11,2,20.75
1192,570,14,3,33.96
1193,571,17,2,29.43
1194,571,19,3,11.38
1195,572,12,2,6.26
1196,572,14,3,33.96
1197,573,17,3,29.43
1198,573,18,1,8.64
1199,574,6,1,3.14
1200,574,7,1,13.96
1201,575,16,2,12.37
1202,575,19,1,11.38
1203,576,21,2,18.77
1204,576,22,1,6.87
1205,577,8,3,24.56
1206,577,10,1,17.62
1207,578,22,2,6.87
1208,578,23,1,29.59
1209,579,27,2,15.52
1210,579,28,2,11.69
1211,580,21,3,18.77
1212,580,24,2,13.71
1213,581,16,2,12.37
1214,581,19,3,11.38
1215,582,8,2,24.56
1216,582,9,3,22.09
1217,583,7,2,13.96
1218,583,9,2,22.09
1219,584,11,2,20.75
1220,584,14,1,33.96
1221,585,11,2,20.75
1222,585,14,2,33.96
1223,586,18,2,8.64
1224,586,20,1,7.9
1225,587,21,1,18.77
1226,587,24,3,13.71
1227,588,21,3,18.77
1228,588,24,2,13.71
1229,589,3,2,35.44
1230,589,4,2,9.18
1231,590,3,2,35.44
1232,590,5,3,18.94
1233,591,4,2,9.18
1234,591,5,2,18.94
1235,592,27,1,15.52
1236,592,30,3,33.81
1237,593,2,3,21.29
1238,593,4,1,9.18
1239,594,1,1,21.08
1240,594,2,3,21.29
1241,594,4,3,9.18
1242,595,21,1,18.77
1243,595,22,1,6.87
1244,596,16,2,12.37
1245,596,18,3,8.64
1246,597,7,1,13.96
1247,597,9,1,22.09
1248,598,11,3,20.75
1249,598,13,3,4.29
1250,599,18,2,8.64
1251,599,19,2,11.38
1252,600,27,1,15.52
1253,600,28,2,11.69
1254,600,29,3,7.44
1255,601,11,3,20.75
1256,601,15,3,23.3
1257,602,11,1,20.75
1258,602,12,3,6.26
1259,603,18,1,8.64
1260,603,20,1,7.9
1261,604,9,3,22.09
1262,604,10,2,17.62
1263,605,2,2,21.29
1264,605,3,1,35.44
1265,606,1,3,21.08
1266,606,2,2,21.29
1267,607,17,3,29.43
1268,607,19,1,11.38
1269,608,19,1,11.38
1270,608,20,3,7.9
1271,609,9,3,22.09
1272,609,10,3,17.62
1273,610,1,3,21.08
1274,610,2,3,21.29
1275,611,11,3,20.75
1276,611,13,3,4.29
1277,612,22,1,6.87
1278,612,23,2,29.59
1279,613,28,1,11.69
1280,613,29,2,7.44
1281,614,12,1,6.26
1282,614,15,3,23.3
1283,615,26,1,12.05
1284,615,28,2,11.69
1285,616,12,3,6.26
1286,616,15,3,23.3
1287,617,13,1,4.29
1288,617,14,3,33.96
1289,618,26,3,12.05
1290,618,30,3,33.81
1291,619,26,2,12.05
1292,619,27,1,15.52
1293,620,18,1,8.64
1294,620,20,3,7.9
1295,621,21,3,18.77
1296,621,23,1,29.59
1297,621,25,1,23.68
1298,622,16,2,12.37
1299,622,20,1,7.9
1300,623,1,2,21.08
1301,623,3,2,35.44
1302,624,7,1,13.96
1303,624,8,3,24.56
1304,625,26,1,12.05
1305,625,28,3,11.69
1306,626,1,1,21.08
1307,626,3,1,35.44
1308,627,23,3,29.59
1309,627,24,3,13.71
1310,628,17,3,29.43
1311,628,18,2,8.64
1312,629,6,1,3.14
1313,629,9,1,22.09
1314,630,3,2,35.44
1315,630,4,2,9.18
1316,631,27,3,15.52
1317,631,28,3,11.69
1318,632,18,3,8.64
1319,632,19,1,11.38
1320,633,27,3,15.52
1321,633,30,2,33.81
1322,634,9,3,22.09
1323,634,10,3,17.62
1324,635,9,3,22.09
1325,635,10,2,17.62
1326,636,16,3,12.37
1327,636,19,2,11.38
1328,637,11,2,20.75
1329,637,15,1,23.3
1330,638,16,1,12.37
1331,638,17,1,29.43
1332,638,20,3,7.9
1333,639,18,3,8.64
1334,639,20,1,7.9
1335,640,16,1,12.37
1336,640,19,1,11.38
1337,641,17,1,29.43
1338,641,19,3,11.38
1339,642,3,1,35.44
1340,642,4,3,9.18
1341,642,5,3,18.94
1342,643,23,2,29.59
1343,643,25,1,23.68
1344,644,6,3,3.14
1345,644,7,2,13.96
1346,645,8,1,24.56
1347,645,10,2,17.62
1348,646,22,2,6.87
1349,646,25,1,23.68
1350,647,11,1,20.75
1351,647,12,2,6.26
1352,647,14,2,33.96
1353,647,15,1,23.3
1354,648,1,1,21.08
1355,648,3,1,35.44
1356,648,4,1,9.18
1357,649,1,2,21.08
1358,649,3,1,35.44
1359,650,21,2,18.77
1360,650,24,2,13.71
1361,651,18,2,8.64
1362,651,20,1,7.9
1363,652,17,1,29.43
1364,652,20,2,7.9
1365,653,6,2,3.14
1366,653,9,1,22.09
1367,654,28,3,11.69
1368,654,29,3,7.44
1369,655,26,1,12.05
1370,655,27,2,15.52
1371,655,29,3,7.44
1372,656,16,2,12.37
1373,656,18,2,8.64
1374,656,19,2,11.38
1375,657,18,1,8.64
1376,657,20,3,7.9
1377,658,13,3,4.29
1378,658,14,3,33.96
1379,658,15,1,23.3
1380,659,2,3,21.29
1381,659,3,3,35.44
1382,660,26,2,12.05
1383,660,27,1,15.52
1384,661,26,3,12.05
1385,661,30,2,33.81
1386,662,3,2,35.44
1387,662,5,3,18.94
1388,663,17,1,29.43
1389,663,20,3,7.9
1390,664,6,1,3.14
1391,664,9,2,22.09
1392,665,26,2,12.05
1393,665,29,1,7.44
1394,666,16,2,12.37
1395,666,17,1,29.43
1396,667,28,2,11.69
1397,667,30,1,33.81
1398,668,1,2,21.08
1399,668,3,2,35.44
1400,669,17,2,29.43
1401,669,18,3,8.64
1402,669,19,2,11.38
1403,670,4,3,9.18
1404,670,5,2,18.94
1405,671,8,3,24.56
1406,671,10,2,17.62
1407,672,26,1,12.05
1408,672,28,3,11.69
1409,673,27,3,15.52
1410,673,29,3,7.44
1411,674,26,1,12.05
1412,674,29,1,7.44
1413,675,3,3,35.44
1414,675,4,1,9.18
1415,676,17,1,29.43
1416,676,19,1,11.38
1417,677,6,2,3.14
1418,677,7,2,13.96
1419,678,16,3,12.37
1420,678,18,2,8.64
1421,679,16,1,12.37
1422,679,19,1,11.38
1423,680,12,3,6.26
1424,680,13,2,4.29
1425,681,16,1,12.37
1426,681,17,1,29.43
1427,682,17,1,29.43
1428,682,18,3,8.64
1429,683,18,3,8.64
1430,683,19,2,11.38
1431,684,6,3,3.14
1432,684,10,2,17.62
1433,685,23,2,29.59
1434,685,24,3,13.71
1435,686,21,2,18.77
1436,686,23,3,29.59
1437,687,12,2,6.26
1438,687,13,1,4.29
1439,688,8,3,24.56
1440,688,10,1,17.62
1441,689,1,3,21.08
1442,689,4,2,9.18
1443,690,13,1,4.29
1444,690,14,3,33.96
1445,691,21,1,18.77
1446,691,22,1,6.87
1447,692,6,2,3.14
1448,692,9,2,22.09
1449,693,11,3,20.75
1450,693,14,3,33.96
1451,694,16,1,12.37
1452,694,17,1,29.43
1453,695,1,2,21.08
1454,695,2,3,21.29
1455,696,17,3,29.43
1456,696,19,2,11.38
1457,697,21,3,18.77
1458,697,25,3,23.68
1459,698,21,3,18.77
1460,698,22,3,6.87
1461,699,11,2,20.75
1462,699,12,1,6.26
1463,699,14,1,33.96
1464,700,16,1,12.37
1465,700,17,1,29.43
1466,701,7,3,13.96
1467,701,8,2,24.56
1468,701,9,2,22.09
1469,702,1,1,21.08
1470,702,3,3,35.44
1471,703,7,1,13.96
1472,703,9,2,22.09
1473,704,6,1,3.14
1474,704,8,3,24.56
1475,705,21,3,18.77
1476,705,22,2,6.87
1477,706,12,2,6.26
1478,706,13,1,4.29
1479,707,3,1,35.44
1480,707,5,1,18.94
1481,708,11,3,20.75
1482,708,13,3,4.29
1483,709,27,2,15.52
1484,709,30,1,33.81
1485,710,11,1,20.75
1486,710,15,3,23.3
1487,711,1,2,21.08
1488,711,4,2,9.18
1489,711,5,3,18.94
1490,712,26,3,12.05
1491,712,29,1,7.44
1492,713,2,2,21.29
1493,713,4,2,9.18
1494,714,17,2,29.43
1495,714,20,3,7.9
1496,715,21,1,18.77
1497,715,22,1,6.87
1498,716,27,3,15.52
1499,716,29,3,7.44
1500,717,14,1,33.96
1501,717,15,3,23.3
1502,718,23,3,29.59
1503,718,24,3,13.71
1504,719,12,2,6.26
1505,719,13,1,4.29
1506,720,17,2,29.43
1507,720,20,1,7.9
1508,721,18,1,8.64
1509,721,20,3,7.9
1510,722,19,1,11.38
1511,722,20,1,7.9
1512,723,16,2,12.37
1513,723,18,3,8.64
1514,724,21,1,18.77
1515,724,23,3,29.59
1516,725,22,2,6.87
1517,725,23,3,29.59
1518,725,25,3,23.68
1519,726,23,2,29.59
1520,726,25,2,23.68
1521,727,2,3,21.29
1522,727,3,3,35.44
1523,728,1,1,21.08
1524,728,4,2,9.18
1525,729,16,3,12.37
1526,729,20,3,7.9
1527,730,27,1,15.52
1528,730,29,1,7.44
1529,731,14,3,33.96
1530,731,15,1,23.3
1531,732,26,2,12.05
1532,732,29,1,7.44
1533,733,1,2,21.08
1534,733,3,2,35.44
1535,734,23,3,29.59
1536,734,24,2,13.71
1537,735,1,3,21.08
1538,735,3,2,35.44
1539,736,18,2,8.64
1540,736,20,2,7.9
1541,737,13,2,4.29
1542,737,14,1,33.96
1543,738,17,2,29.43
1544,738,18,1,8.64
1545,739,2,1,21.29
1546,739,5,2,18.94
1547,740,23,3,29.59
1548,740,25,2,23.68
1549,741,13,1,4.29
1550,741,15,3,23.3
1551,742,2,3,21.29
1552,742,3,3,35.44
1553,742,5,2,18.94
1554,743,6,3,3.14
1555,743,9,3,22.09
1556,744,1,3,21.08
1557,744,3,2,35.44
1558,745,12,1,6.26
1559,745,15,2,23.3
1560,746,2,1,21.29
1561,746,3,2,35.44
1562,747,18,1,8.64
1563,747,19,1,11.38
1564,748,8,1,24.56
1565,748,10,2,17.62
1566,749,1,3,21.08
1567,749,2,2,21.29
1568,750,2,3,21.29
1569,750,4,2,9.18
1570,750,5,2,18.94
1571,751,16,3,12.37
1572,751,17,2,29.43
1573,752,23,3,29.59
1574,752,24,1,13.71
1575,753,16,1,12.37
1576,753,19,2,11.38
1577,754,27,3,15.52
1578,754,29,3,7.44
1579,755,2,2,21.29
1580,755,4,2,9.18
1581,756,12,2,6.26
1582,756,15,1,23.3
1583,757,21,1,18.77
1584,757,24,2,13.71
1585,758,21,2,18.77
1586,758,24,2,13.71
1587,759,9,1,22.09
1588,759,10,1,17.62
1589,760,9,2,22.09
1590,760,10,2,17.62
1591,761,1,1,21.08
1592,761,5,1,18.94
1593,762,11,3,20.75
1594,762,15,2,23.3
1595,763,3,2,35.44
1596,763,4,3,9.18
1597,764,14,2,33.96
1598,764,15,1,23.3
1599,765,16,2,12.37
1600,765,19,3,11.38
1601,766,28,3,11.69
1602,766,30,1,33.81
1603,767,27,1,15.52
1604,767,30,1,33.81
1605,768,21,3,18.77
1606,768,24,1,13.71
1607,769,2,1,21.29
1608,769,3,3,35.44
1609,770,23,3,29.59
1610,770,24,3,13.71
1611,771,21,1,18.77
1612,771,24,1,13.71
1613,772,17,3,29.43
1614,772,18,1,8.64
1615,773,18,1,8.64
1616,773,20,2,7.9
1617,774,22,3,6.87
1618,774,24,1,13.71
1619,775,22,1,6.87
1620,775,25,3,23.68
1621,776,6,3,3.14
1622,776,10,2,17.62
1623,777,11,3,20.75
1624,777,13,3,4.29
1625,778,2,3,21.29
1626,778,4,2,9.18
1627,779,26,3,12.05
1628,779,29,3,7.44
1629,779,30,1,33.81
1630,780,28,3,11.69
1631,780,30,2,33.81
1632,781,11,2,20.75
1633,781,13,3,4.29
1634,782,14,1,33.96
1635,782,15,2,23.3
1636,783,8,1,24.56
1637,783,9,2,22.09
1638,784,6,1,3.14
1639,784,7,3,13.96
1640,785,1,3,21.08
1641,785,2,3,21.29
1642,786,12,2,6.26
1643,786,14,2,33.96
1644,787,21,1,18.77
1645,787,23,1,29.59
1646,788,1,1,21.08
1647,788,5,1,18.94
1648,789,21,3,18.77
1649,789,22,3,6.87
1650,790,6,2,3.14
1651,790,9,3,22.09
1652,791,16,3,12.37
1653,791,19,2,11.38
1654,792,2,1,21.29
1655,792,5,2,18.94
1656,793,7,2,13.96
1657,793,9,1,22.09
1658,794,28,3,11.69
1659,794,29,1,7.44
1660,795,12,1,6.26
1661,795,13,2,4.29
1662,795,14,3,33.96
1663,796,11,2,20.75
1664,796,12,2,6.26
1665,797,7,1,13.96
1666,797,10,1,17.62
1667,798,3,1,35.44
1668,798,5,2,18.94
1669,799,13,2,4.29
1670,799,14,1,33.96
1671,800,12,1,6.26
1672,800,15,1,23.3
1673,801,14,2,33.96
1674,801,15,2,23.3
1675,802,14,3,33.96
1676,802,15,2,23.3
1677,803,11,3,20.75
1678,803,14,3,33.96
1679,804,11,1,20.75
1680,804,14,3,33.96
1681,805,11,1,20.75
1682,805,12,1,6.26
1683,806,16,2,12.37
1684,806,19,2,11.38
1685,807,6,1,3.14
1686,807,7,1,13.96
1687,808,22,3,6.87
1688,808,24,1,13.71
1689,809,12,1,6.26
1690,809,13,3,4.29
1691,810,6,2,3.14
1692,810,7,1,13.96
1693,811,26,3,12.05
1694,811,28,3,11.69
1695,812,6,3,3.14
1696,812,8,2,24.56
1697,813,6,2,3.14
1698,813,7,1,13.96
1699,814,11,2,20.75
1700,814,15,1,23.3
1701,815,19,3,11.38
1702,815,20,1,7.9
1703,816,22,3,6.87
1704,816,23,2,29.59
1705,817,23,2,29.59
1706,817,24,3,13.71
1707,818,23,1,29.59
1708,818,24,2,13.71
1709,819,14,3,33.96
1710,819,15,2,23.3
1711,820,24,2,13.71
1712,820,25,3,23.68
1713,821,1,1,21.08
1714,821,5,1,18.94
1715,822,27,3,15.52
1716,822,29,2,7.44
1717,823,11,3,20.75
1718,823,14,2,33.96
1719,824,13,1,4.29
1720,824,14,2,33.96
1721,825,6,2,3.14
1722,825,10,3,17.62
1723,826,26,2,12.05
1724,826,27,1,15.52
1725,827,6,3,3.14
1726,827,7,1,13.96
1727,828,12,2,6.26
1728,828,14,2,33.96
1729,829,18,2,8.64
1730,829,19,1,11.38
1731,830,16,2,12.37
1732,830,19,2,11.38
1733,831,2,2,21.29
1734,831,3,1,35.44
1735,832,21,3,18.77
1736,832,23,1,29.59
1737,833,24,3,13.71
1738,833,25,1,23.68
1739,834,6,2,3.14
1740,834,9,2,22.09
1741,835,22,1,6.87
1742,835,25,2,23.68
1743,836,16,3,12.37
1744,836,17,3,29.43
1745,836,20,2,7.9
1746,837,27,1,15.52
1747,837,28,3,11.69
1748,838,21,2,18.77
1749,838,22,1,6.87
1750,839,22,3,6.87
1751,839,25,1,23.68
1752,840,26,3,12.05
1753,840,30,1,33.81
1754,841,1,3,21.08
1755,841,4,2,9.18
1756,842,17,1,29.43
1757,842,19,3,11.38
1758,843,2,3,21.29
1759,843,5,3,18.94
1760,844,3,2,35.44
1761,844,4,1,9.18
1762,845,12,2,6.26
1763,845,13,2,4.29
1764,846,21,2,18.77
1765,846,23,1,29.59
1766,847,8,1,24.56
1767,847,10,2,17.62
1768,848,16,3,12.37
1769,848,19,3,11.38
1770,849,21,2,18.77
1771,849,22,1,6.87
1772,850,13,3,4.29
1773,850,15,1,23.3
1774,851,22,3,6.87
1775,851,24,2,13.71
1776,852,14,1,33.96
1777,852,15,3,23.3
1778,853,26,2,12.05
1779,853,30,3,33.81
1780,854,16,3,12.37
1781,854,18,2,8.64
1782,855,8,2,24.56
1783,855,9,1,22.09
1784,856,6,1,3.14
1785,856,10,2,17.62
1786,857,3,3,35.44
1787,857,4,3,9.18
1788,858,22,2,6.87
1789,858,25,2,23.68
1790,859,6,2,3.14
1791,859,8,1,24.56
1792,860,29,1,7.44
1793,860,30,1,33.81
1794,861,18,2,8.64
1795,861,20,2,7.9
1796,862,28,1,11.69
1797,862,30,3,33.81
1798,863,21,1,18.77
1799,863,23,2,29.59
1800,864,19,3,11.38
1801,864,20,3,7.9
1802,865,6,1,3.14
1803,865,7,2,13.96
1804,866,7,1,13.96
1805,866,8,2,24.56
1806,867,27,1,15.52
1807,867,28,3,11.69
1808,868,26,3,12.05
1809,868,30,1,33.81
1810,869,18,3,8.64
1811,869,20,2,7.9
1812,870,28,1,11.69
1813,870,29,3,7.44
1814,871,16,2,12.37
1815,871,17,3,29.43
1816,872,6,3,3.14
1817,872,10,1,17.62
1818,873,17,3,29.43
1819,873,18,1,8.64
1820,874,16,1,12.37
1821,874,18,1,8.64
1822,875,22,3,6.87
1823,875,24,3,13.71
1824,876,16,1,12.37
1825,876,19,3,11.38
1826,877,21,2,18.77
1827,877,25,3,23.68
1828,878,21,3,18.77
1829,878,22,3,6.87
1830,879,6,1,3.14
1831,879,8,2,24.56
1832,880,2,3,21.29
1833,880,3,1,35.44
1834,881,1,2,21.08
1835,881,3,3,35.44
1836,881,4,1,9.18
1837,882,27,3,15.52
1838,882,30,1,33.81
1839,883,6,1,3.14
1840,883,9,2,22.09
1841,884,23,3,29.59
1842,884,24,1,13.71
1843,885,16,3,12.37
1844,885,19,3,11.38
1845,886,16,1,12.37
1846,886,17,2,29.43
1847,887,8,3,24.56
1848,887,10,2,17.62
1849,888,16,1,12.37
1850,888,19,2,11.38
1851,889,7,1,13.96
1852,889,10,2,17.62
1853,890,1,1,21.08
1854,890,2,2,21.29
1855,891,26,1,12.05
1856,891,28,3,11.69
1857,892,18,1,8.64
1858,892,19,2,11.38
1859,893,16,2,12.37
1860,893,17,2,29.43
1861,893,20,2,7.9
1862,894,3,2,35.44
1863,894,4,2,9.18
1864,895,23,2,29.59
1865,895,25,2,23.68
1866,896,3,2,35.44
1867,896,4,2,9.18
1868,897,11,1,20.75
1869,897,14,2,33.96
1870,897,15,2,23.3
1871,898,1,3,21.08
1872,898,5,3,18.94
1873,899,1,1,21.08
1874,899,4,2,9.18
1875,899,5,2,18.94
1876,900,23,2,29.59
1877,900,24,1,13.71
1878,901,27,3,15.52
1879,901,30,3,33.81
1880,902,16,1,12.37
1881,902,17,3,29.43
1882,903,1,2,21.08
1883,903,2,1,21.29
1884,903,3,2,35.44
1885,904,17,1,29.43
1886,904,18,1,8.64
1887,905,26,2,12.05
1888,905,28,3,11.69
1889,906,21,3,18.77
1890,906,22,2,6.87
1891,906,24,3,13.71
1892,907,2,1,21.29
1893,907,5,1,18.94
1894,908,6,3,3.14
1895,908,10,3,17.62
1896,909,12,1,6.26
1897,909,13,2,4.29
1898,910,12,1,6.26
1899,910,13,1,4.29
1900,911,12,1,6.26
1901,911,15,3,23.3
1902,912,29,3,7.44
1903,912,30,1,33.81
1904,913,21,1,18.77
1905,913,25,2,23.68
1906,914,17,2,29.43
1907,914,20,1,7.9
1908,915,2,2,21.29
1909,915,4,3,9.18
1910,916,29,2,7.44
1911,916,30,1,33.81
1912,917,2,1,21.29
1913,917,5,1,18.94
1914,918,22,1,6.87
1915,918,24,3,13.71
1916,919,22,3,6.87
1917,919,24,2,13.71
1918,920,17,1,29.43
1919,920,18,2,8.64
1920,921,12,3,6.26
1921,921,15,1,23.3
1922,922,21,3,18.77
1923,922,23,2,29.59
1924,923,18,3,8.64
1925,923,20,1,7.9
1926,924,7,3,13.96
1927,924,8,1,24.56
1928,925,11,3,20.75
1929,925,15,3,23.3
1930,926,7,3,13.96
1931,926,9,3,22.09
1932,927,16,2,12.37
1933,927,18,2,8.64
1934,928,27,2,15.52
1935,928,30,3,33.81
1936,929,13,2,4.29
1937,929,14,1,33.96
1938,930,13,3,4.29
1939,930,14,2,33.96
1940,931,12,2,6.26
1941,931,13,2,4.29
1942,932,16,2,12.37
1943,932,20,1,7.9
1944,933,11,1,20.75
1945,933,12,3,6.26
1946,934,16,1,12.37
1947,934,20,2,7.9
1948,935,23,2,29.59
1949,935,25,1,23.68
1950,936,27,2,15.52
1951,936,30,2,33.81
1952,937,21,2,18.77
1953,937,22,2,6.87
1954,937,25,2,23.68
1955,938,3,1,35.44
1956,938,5,1,18.94
1957,939,13,2,4.29
1958,939,14,1,33.96
1959,940,9,1,22.09
1960,940,10,2,17.62
1961,941,21,2,18.77
1962,941,22,3,6.87
1963,942,6,2,3.14
1964,942,7,3,13.96
1965,942,8,3,24.56
1966,943,11,3,20.75
1967,943,13,3,4.29
1968,943,14,1,33.96
1969,944,1,1,21.08
1970,944,2,1,21.29
1971,945,11,1,20.75
1972,945,15,2,23.3
1973,946,9,3,22.09
1974,946,10,3,17.62
1975,947,16,3,12.37
1976,947,17,3,29.43
1977,947,20,3,7.9
1978,948,2,2,21.29
1979,948,4,3,9.18
1980,949,3,3,35.44
1981,949,4,1,9.18
1982,950,21,1,18.77
1983,950,22,2,6.87
1984,951,26,1,12.05
1985,951,29,2,7.44
1986,952,21,1,18.77
1987,952,25,1,23.68
1988,953,18,2,8.64
1989,953,19,1,11.38
1990,954,21,2,18.77
1991,954,24,3,13.71
1992,955,17,1,29.43
1993,955,18,2,8.64
1994,955,19,1,11.38
1995,956,4,1,9.18
1996,956,5,1,18.94
1997,957,21,2,18.77
1998,957,23,1,29.59
1999,958,16,1,12.37
2000,958,19,3,11.38
2001,959,17,2,29.43
2002,959,19,1,11.38
2003,960,17,2,29.43
2004,960,20,1,7.9
2005,961,27,3,15.52
2006,961,30,3,33.81
2007,962,11,3,20.75
2008,962,15,2,23.3
2009,963,6,3,3.14
2010,963,9,3,22.09
2011,964,14,1,33.96
2012,964,15,3,23.3
2013,965,8,3,24.56
2014,965,10,3,17.62
2015,966,8,1,24.56
2016,966,10,3,17.62
2017,967,7,1,13.96
2018,967,10,2,17.62
2019,968,1,1,21.08
2020,968,3,2,35.44
2021,969,16,1,12.37
2022,969,18,3,8.64
2023,970,21,1,18.77
2024,970,23,3,29.59
2025,971,19,2,11.38
2026,971,20,1,7.9
2027,972,24,1,13.71
2028,972,25,2,23.68
2029,973,23,2,29.59
2030,973,24,2,13.71
2031,974,29,2,7.44
2032,974,30,1,33.81
2033,975,8,1,24.56
2034,975,9,2,22.09
2035,976,27,2,15.52
2036,976,30,2,33.81
2037,977,14,2,33.96
2038,977,15,1,23.3
2039,978,3,1,35.44
2040,978,5,3,18.94
2041,979,29,1,7.44
2042,979,30,2,33.81
2043,980,6,3,3.14
2044,980,7,2,13.96
2045,981,22,1,6.87
2046,981,23,3,29.59
2047,982,17,2,29.43
2048,982,18,3,8.64
2049,983,7,1,13.96
2050,983,10,3,17.62
2051,984,24,1,13.71
2052,984,25,1,23.68
2053,985,21,2,18.77
2054,985,22,2,6.87
2055,986,17,3,29.43
2056,986,18,1,8.64
2057,987,16,3,12.37
2058,987,20,1,7.9
2059,988,3,2,35.44
2060,988,5,1,18.94
2061,989,1,1,21.08
2062,989,2,2,21.29
2063,990,3,2,35.44
2064,990,4,2,9.18
2065,991,27,3,15.52
2066,991,29,3,7.44
2067,992,23,1,29.59
2068,992,25,1,23.68
2069,993,6,2,3.14
2070,993,8,3,24.56
2071,994,17,1,29.43
2072,994,19,1,11.38
2073,995,29,3,7.44
2074,995,30,2,33.81
2075,996,17,3,29.43
2076,996,19,1,11.38
2077,997,22,3,6.87
2078,997,24,1,13.71
2079,998,16,3,12.37
2080,998,17,2,29.43
2081,999,3,1,35.44
2082,999,4,2,9.18
2083,1000,6,1,3.14
2084,1000,10,1,17.62
2085,1001,13,1,4.29
2086,1001,14,3,33.96
2087,1002,1,2,21.08
2088,1002,2,3,21.29
2089,1003,6,2,3.14
2090,1003,7,3,13.96
2091,1004,11,2,20.75
2092,1004,14,3,33.96
2093,1004,15,3,23.3
2094,1005,13,1,4.29
2095,1005,15,1,23.3
2096,1006,22,2,6.87
2097,1006,24,1,13.71
2098,1007,26,1,12.05
2099,1007,28,2,11.69
2100,1008,17,3,29.43
2101,1008,19,1,11.38
2102,1009,17,1,29.43
2103,1009,20,3,7.9
2104,1010,2,3,21.29
2105,1010,3,2,35.44
2106,1011,13,2,4.29
2107,1011,15,2,23.3
2108,1012,11,3,20.75
2109,1012,12,2,6.26
2110,1013,28,3,11.69
2111,1013,29,2,7.44
2112,1014,13,1,4.29
2113,1014,14,3,33.96
2114,1015,14,3,33.96
2115,1015,15,1,23.3
2116,1016,7,1,13.96
2117,1016,8,1,24.56
2118,1017,17,3,29.43
2119,1017,18,3,8.64
2120,1018,22,2,6.87
2121,1018,25,2,23.68
2122,1019,6,1,3.14
2123,1019,8,1,24.56
2124,1020,16,3,12.37
2125,1020,19,1,11.38
2126,1021,23,3,29.59
2127,1021,25,2,23.68
2128,1022,2,2,21.29
2129,1022,4,2,9.18
2130,1022,5,3,18.94
2131,1023,6,2,3.14
2132,1023,10,1,17.62
2133,1024,3,1,35.44
2134,1024,4,1,9.18
2135,1025,11,1,20.75
2136,1025,14,1,33.96
2137,1026,21,3,18.77
2138,1026,25,3,23.68
2139,1027,22,1,6.87
2140,1027,23,3,29.59
2141,1028,2,2,21.29
2142,1028,5,2,18.94
2143,1029,2,2,21.29
2144,1029,5,2,18.94
2145,1030,11,1,20.75
2146,1030,13,1,4.29
2147,1030,15,2,23.3
2148,1031,8,2,24.56
2149,1031,10,2,17.62
2150,1032,13,1,4.29
2151,1032,14,1,33.96
2152,1032,15,1,23.3
2153,1033,7,1,13.96
2154,1033,8,3,24.56
2155,1034,12,2,6.26
2156,1034,14,1,33.96
2157,1035,17,2,29.43
2158,1035,19,3,11.38
2159,1036,28,1,11.69
2160,1036,30,1,33.81
2161,1037,21,3,18.77
2162,1037,25,3,23.68
2163,1038,12,2,6.26
2164,1038,14,2,33.96
2165,1039,14,3,33.96
2166,1039,15,1,23.3
2167,1040,27,2,15.52
2168,1040,29,3,7.44
2169,1041,7,2,13.96
2170,1041,9,1,22.09
2171,1042,19,1,11.38
2172,1042,20,1,7.9
2173,1043,19,3,11.38
2174,1043,20,3,7.9
2175,1044,26,2,12.05
2176,1044,28,2,11.69
2177,1045,6,2,3.14
2178,1045,10,1,17.62
2179,1046,26,1,12.05
2180,1046,29,3,7.44
2181,1047,28,1,11.69
2182,1047,30,2,33.81
2183,1048,6,2,3.14
2184,1048,7,3,13.96
2185,1049,22,3,6.87
2186,1049,23,2,29.59
2187,1050,26,1,12.05
2188,1050,29,2,7.44
2189,1051,28,3,11.69
2190,1051,30,3,33.81
2191,1052,1,1,21.08
2192,1052,5,3,18.94
2193,1053,1,2,21.08
2194,1053,3,2,35.44
2195,1054,21,3,18.77
2196,1054,25,2,23.68
2197,1055,1,2,21.08
2198,1055,4,2,9.18
2199,1056,17,2,29.43
2200,1056,19,1,11.38
2201,1056,20,2,7.9
2202,1057,11,2,20.75
2203,1057,13,1,4.29
2204,1058,23,3,29.59
2205,1058,24,3,13.71
2206,1059,11,1,20.75
2207,1059,13,1,4.29
2208,1059,15,3,23.3
2209,1060,18,1,8.64
2210,1060,20,2,7.9
2211,1061,26,3,12.05
2212,1061,30,3,33.81
2213,1062,2,3,21.29
2214,1062,3,2,35.44
2215,1063,12,2,6.26
2216,1063,15,2,23.3
2217,1064,11,1,20.75
2218,1064,13,1,4.29
2219,1064,15,2,23.3
2220,1065,8,1,24.56
2221,1065,10,1,17.62
2222,1066,27,1,15.52
2223,1066,30,2,33.81
2224,1067,29,3,7.44
2225,1067,30,1,33.81
2226,1068,8,2,24.56
2227,1068,9,1,22.09
2228,1069,2,1,21.29
2229,1069,3,2,35.44
2230,1070,17,3,29.43
2231,1070,18,3,8.64
2232,1071,29,2,7.44
2233,1071,30,3,33.81
2234,1072,27,3,15.52
2235,1072,28,1,11.69
2236,1073,6,3,3.14
2237,1073,7,1,13.96
2238,1074,27,1,15.52
2239,1074,28,1,11.69
2240,1074,30,2,33.81
2241,1075,3,1,35.44
2242,1075,4,2,9.18
2243,1076,3,1,35.44
2244,1076,4,1,9.18
2245,1077,7,2,13.96
2246,1077,8,2,24.56
2247,1078,8,3,24.56
2248,1078,10,3,17.62
2249,1079,12,3,6.26
2250,1079,13,2,4.29
2251,1079,15,2,23.3
2252,1080,7,1,13.96
2253,1080,8,1,24.56
2254,1081,23,2,29.59
2255,1081,25,1,23.68
2256,1082,16,1,12.37
2257,1082,20,2,7.9
2258,1083,4,2,9.18
2259,1083,5,2,18.94
2260,1084,22,3,6.87
2261,1084,24,1,13.71
2262,1085,9,3,22.09
2263,1085,10,3,17.62
2264,1086,11,3,20.75
2265,1086,15,3,23.3
2266,1087,26,3,12.05
2267,1087,29,2,7.44
2268,1088,17,2,29.43
2269,1088,18,2,8.64
2270,1089,3,2,35.44
2271,1089,4,1,9.18
2272,1090,8,1,24.56
2273,1090,9,2,22.09
2274,1091,17,3,29.43
2275,1091,18,2,8.64
2276,1092,1,3,21.08
2277,1092,4,2,9.18
2278,1093,11,3,20.75
2279,1093,15,1,23.3
2280,1094,11,1,20.75
2281,1094,15,3,23.3
2282,1095,29,1,7.44
2283,1095,30,1,33.81
2284,1096,17,1,29.43
2285,1096,18,1,8.64
2286,1097,18,2,8.64
2287,1097,19,2,11.38
2288,1098,27,3,15.52
2289,1098,30,1,33.81
2290,1099,1,1,21.08
2291,1099,3,1,35.44
2292,1100,21,2,18.77
2293,1100,24,1,13.71
2294,1101,28,3,11.69
2295,1101,29,2,7.44
2296,1102,14,3,33.96
2297,1102,15,2,23.3
2298,1103,21,1,18.77
2299,1103,24,2,13.71
2300,1104,9,1,22.09
2301,1104,10,3,17.62
2302,1105,13,1,4.29
2303,1105,15,2,23.3
2304,1106,11,3,20.75
2305,1106,14,1,33.96
2306,1107,16,1,12.37
2307,1107,18,1,8.64
2308,1108,2,2,21.29
2309,1108,5,3,18.94
2310,1109,23,3,29.59
2311,1109,24,1,13.71
2312,1110,11,1,20.75
2313,1110,14,2,33.96
2314,1111,16,1,12.37
2315,1111,17,3,29.43
2316,1112,22,3,6.87
2317,1112,24,1,13.71
2318,1113,2,1,21.29
2319,1113,3,3,35.44
2320,1113,5,1,18.94
2321,1114,2,3,21.29
2322,1114,4,2,9.18
2323,1115,17,1,29.43
2324,1115,20,2,7.9
2325,1116,21,3,18.77
2326,1116,25,2,23.68
2327,1117,13,3,4.29
2328,1117,14,3,33.96
2329,1118,14,3,33.96
2330,1118,15,3,23.3
2331,1119,1,3,21.08
2332,1119,3,3,35.44
2333,1120,22,1,6.87
2334,1120,23,3,29.59
2335,1121,26,2,12.05
2336,1121,29,3,7.44
2337,1122,16,2,12.37
2338,1122,20,3,7.9
2339,1123,1,3,21.08
2340,1123,5,3,18.94
2341,1124,22,1,6.87
2342,1124,25,1,23.68
2343,1125,28,1,11.69
2344,1125,30,2,33.81
2345,1126,28,1,11.69
2346,1126,29,1,7.44
2347,1127,27,1,15.52
2348,1127,30,2,33.81
2349,1128,2,2,21.29
2350,1128,5,1,18.94
2351,1129,8,1,24.56
2352,1129,9,2,22.09
2353,1130,6,1,3.14
2354,1130,7,2,13.96
2355,1131,6,2,3.14
2356,1131,7,2,13.96
2357,1132,12,2,6.26
2358,1132,13,2,4.29
2359,1133,21,3,18.77
2360,1133,23,3,29.59
2361,1133,25,3,23.68
2362,1134,26,2,12.05
2363,1134,29,2,7.44
2364,1135,7,3,13.96
2365,1135,9,3,22.09
2366,1136,9,1,22.09
2367,1136,10,2,17.62
2368,1137,11,2,20.75
2369,1137,13,3,4.29
2370,1138,2,2,21.29
2371,1138,4,2,9.18
2372,1139,6,2,3.14
2373,1139,8,3,24.56
2374,1140,7,3,13.96
2375,1140,8,3,24.56
2376,1141,27,3,15.52
2377,1141,29,3,7.44
2378,1142,17,1,29.43
2379,1142,19,1,11.38
2380,1143,16,1,12.37
2381,1143,19,2,11.38
2382,1144,13,3,4.29
2383,1144,15,2,23.3
2384,1145,11,1,20.75
2385,1145,13,1,4.29
2386,1146,26,3,12.05
2387,1146,27,1,15.52
2388,1147,1,2,21.08
2389,1147,5,3,18.94
2390,1148,21,1,18.77
2391,1148,22,3,6.87
2392,1149,17,2,29.43
2393,1149,18,2,8.64
2394,1150,26,1,12.05
2395,1150,29,1,7.44
2396,1151,12,2,6.26
2397,1151,14,2,33.96
2398,1152,13,2,4.29
2399,1152,14,3,33.96
2400,1153,22,3,6.87
2401,1153,23,1,29.59
2402,1154,27,2,15.52
2403,1154,30,1,33.81
2404,1155,11,2,20.75
2405,1155,13,1,4.29
2406,1155,14,1,33.96
2407,1156,2,3,21.29
2408,1156,4,3,9.18
2409,1157,6,3,3.14
2410,1157,10,3,17.62
2411,1158,3,2,35.44
2412,1158,5,2,18.94
2413,1159,16,2,12.37
2414,1159,20,2,7.9
2415,1160,6,1,3.14
2416,1160,8,2,24.56
2417,1161,26,1,12.05
2418,1161,27,1,15.52
2419,1162,6,1,3.14
2420,1162,10,2,17.62
2421,1163,17,3,29.43
2422,1163,19,2,11.38
2423,1164,22,2,6.87
2424,1164,23,1,29.59
2425,1165,7,3,13.96
2426,1165,8,1,24.56
2427,1166,27,1,15.52
2428,1166,29,1,7.44
2429,1167,2,2,21.29
2430,1167,4,3,9.18
2431,1168,27,1,15.52
2432,1168,28,3,11.69
2433,1168,29,3,7.44
2434,1168,30,2,33.81
2435,1169,13,1,4.29
2436,1169,15,3,23.3
2437,1170,26,2,12.05
2438,1170,30,1,33.81
2439,1171,17,2,29.43
2440,1171,19,1,11.38
2441,1172,22,2,6.87
2442,1172,23,1,29.59
2443,1173,21,3,18.77
2444,1173,22,1,6.87
2445,1174,22,1,6.87
2446,1174,25,1,23.68
2447,1175,11,3,20.75
2448,1175,15,1,23.3
2449,1176,12,3,6.26
2450,1176,15,2,23.3
2451,1177,26,3,12.05
2452,1177,29,3,7.44
2453,1178,8,3,24.56
2454,1178,9,2,22.09
2455,1179,6,1,3.14
2456,1179,7,3,13.96
2457,1180,26,2,12.05
2458,1180,27,3,15.52
2459,1181,9,1,22.09
2460,1181,10,3,17.62
2461,1182,11,1,20.75
2462,1182,12,3,6.26
2463,1183,16,2,12.37
2464,1183,18,3,8.64
2465,1184,16,2,12.37
2466,1184,19,1,11.38
2467,1185,16,1,12.37
2468,1185,19,2,11.38
2469,1186,6,3,3.14
2470,1186,7,2,13.96
2471,1187,26,2,12.05
2472,1187,30,3,33.81
2473,1188,22,2,6.87
2474,1188,23,3,29.59
2475,1189,8,3,24.56
2476,1189,10,1,17.62
2477,1190,16,3,12.37
2478,1190,18,2,8.64
2479,1191,21,1,18.77
2480,1191,23,1,29.59
2481,1191,25,2,23.68
2482,1192,8,3,24.56
2483,1192,10,3,17.62
2484,1193,1,3,21.08
2485,1193,3,3,35.44
2486,1194,2,3,21.29
2487,1194,4,3,9.18
2488,1195,27,3,15.52
2489,1195,28,2,11.69
2490,1196,22,1,6.87
2491,1196,23,2,29.59
2492,1196,24,1,13.71
2493,1197,1,3,21.08
2494,1197,3,3,35.44
2495,1198,8,2,24.56
2496,1198,9,3,22.09
2497,1199,11,1,20.75
2498,1199,14,2,33.96
2499,1200,6,3,3.14
2500,1200,7,1,13.96
